,BP10,BP11,BP12,BP13,BP2,BP3,BP4,BP5,BP7,BP8,BP9,CC10/DT26,CC11,CC12,CC14,CC16,CC17,CC19/DT9,CC2,CC20,CC21,CC22/EW21,CC23,CC24,CC25,CC26,CC27,CC28,CC3,CC4/DT15,CC5,CC6,CC7,CC8,CE1/DT16,CG1/DT35,CG2,DT1/BP6,DT10,DT13,DT17,DT18,DT2,DT20,DT21,DT22,DT23,DT24,DT25,DT27,DT28,DT29,DT3,DT30,DT31,DT33,DT34,DT5,DT6,DT7,DT8,EW1,EW10,EW11,EW12/DT14,EW13/NS25,EW14/NS26,EW15,EW16/NE3,EW17,EW18,EW19,EW2/DT32,EW20,EW22,EW23,EW24/NS1,EW25,EW26,EW27,EW28,EW29,EW3,EW30,EW31,EW32,EW33,EW4,EW5,EW6,EW7,EW8/CC9,EW9,NE1/CC29,NE10,NE11,NE12/CC13,NE13,NE14,NE15,NE16/STC,NE17/PTC,NE4/DT19,NE5,NE7/DT12,NE8,NE9,NS10,NS11,NS13,NS14,NS15,NS16,NS17/CC15,NS18,NS19,NS2,NS20,NS21/DT11,NS22,NS23,NS24/NE6/CC1,NS27/CE2,NS28,NS3,NS4/BP1,NS5,NS7,NS8,NS9,PE1,PE2,PE3,PE4,PE5,PE6,PE7,PW1,PW3,PW4,PW5,PW6,PW7,SE1,SE2,SE3,SE4,SE5,SW1,SW2,SW3,SW4,SW5,SW6,SW7,SW8
BP10,0,1031,1175,1180,1686,2215,1895,6734,4103,11388,7227,0,3,1,8,1,0,2,0,2,7,202,9,30,0,8,4,1,0,1,1,1,1,0,2,0,9,30597,0,0,0,1,0,0,0,0,0,0,0,0,0,0,0,0,0,0,0,0,0,0,0,6,12,16,33,34,36,51,14,176,129,194,3,168,189,944,6054,73,740,1096,654,906,3,315,173,245,137,6,21,2,3,11,7,14,0,0,2,1,0,0,0,3,5,1,2,2,2,654,563,462,249,440,363,66,17,28,1236,10,3,13,7,7,0,1,841,8008,1521,672,328,671,0,0,0,0,0,0,0,0,0,0,0,0,0,0,0,0,0,0,0,0,0,0,0,0,0,0
BP11,3017,0,420,763,1122,1623,1353,4389,1916,6153,4477,0,1,1,1,1,1,0,1,2,4,161,16,49,1,2,0,3,3,1,1,0,0,2,1,1,2,24458,0,0,2,0,0,0,0,0,0,0,1,0,0,0,0,0,0,0,0,0,0,2,0,2,10,11,14,43,14,50,26,135,155,241,6,180,198,1274,6171,42,630,1164,655,1024,8,204,135,72,60,3,18,3,7,13,5,7,0,0,7,4,1,0,1,2,3,1,1,0,2,981,580,488,267,351,339,37,11,32,1121,16,3,13,6,6,0,1,831,6915,1387,474,349,819,0,0,0,0,0,0,0,0,0,0,0,0,0,0,0,0,0,0,0,0,0,0,0,0,0,0
BP12,3882,1540,0,772,1089,1926,950,2989,1179,4574,4788,1,0,1,0,0,0,0,0,3,1,73,18,3,1,2,0,0,0,1,0,0,1,0,0,0,0,15447,0,0,0,0,0,0,0,0,1,0,0,0,0,0,1,0,0,0,0,0,0,0,1,3,2,8,8,16,15,15,15,144,170,136,1,111,187,691,3459,23,317,609,537,641,1,132,154,95,57,3,4,2,15,13,11,12,0,0,3,0,0,0,0,0,2,0,3,1,1,629,556,441,265,297,157,41,20,10,754,4,3,5,1,3,4,1,601,4325,1314,276,265,503,0,0,0,0,0,0,0,0,0,0,0,0,0,0,0,0,0,0,0,0,0,0,0,0,0,0
BP13,2889,1906,1134,0,410,414,394,798,183,1316,3750,0,1,0,0,2,0,1,0,0,0,43,9,6,1,1,0,0,0,0,0,0,0,0,0,1,0,4267,0,0,0,1,0,0,0,0,0,0,0,0,0,0,0,0,0,0,0,0,0,0,0,2,0,3,3,2,2,26,5,73,82,93,1,86,37,367,2076,17,184,404,208,383,0,40,85,100,47,3,4,1,1,4,10,7,0,0,1,0,1,0,0,0,2,0,0,1,0,252,259,178,113,155,94,13,33,15,200,3,0,0,2,0,0,0,241,2086,374,83,46,217,0,0,0,0,0,0,0,0,0,0,0,0,0,0,0,0,0,0,0,0,0,0,0,0,0,0
BP2,1415,1448,1237,965,0,1205,1532,1751,593,2097,2212,3,33,10,8,16,0,21,3,2,47,449,152,283,37,55,105,11,2,1,0,3,1,2,3,12,54,25342,0,1,0,0,0,1,0,0,0,0,0,2,2,0,0,0,1,2,5,1,0,0,0,16,19,24,59,167,239,391,137,293,247,224,30,318,270,1290,4895,107,453,644,397,506,57,98,73,98,96,46,84,13,38,71,16,193,0,0,34,5,9,2,1,0,28,12,3,6,4,948,481,834,378,332,446,162,95,139,1445,56,12,54,25,30,12,7,647,8661,2338,597,611,1071,0,0,0,0,0,0,1,0,0,0,0,0,0,0,0,0,0,0,0,0,1,0,0,0,0,0
BP3,2171,1913,1980,787,1244,0,694,2248,572,2454,1774,4,69,3,14,3,3,1,2,0,45,751,257,324,62,117,80,10,2,2,2,1,1,4,18,6,21,29706,0,3,0,0,0,0,1,0,0,0,1,1,0,1,0,0,1,2,0,1,1,0,1,35,23,79,82,232,250,573,312,477,719,511,36,586,396,2188,8207,161,979,1313,592,732,18,271,227,149,70,30,64,27,19,76,71,152,1,0,41,14,5,1,3,12,60,8,9,6,3,1357,994,1338,610,707,764,257,75,230,1953,54,23,98,38,21,5,6,814,13649,3665,934,1079,2367,0,0,7,1,0,0,1,0,0,0,3,0,0,0,0,0,0,0,0,4,0,0,1,0,1,0
BP4,2066,1979,1351,1123,1662,583,0,1038,459,1863,1429,12,18,0,18,1,1,0,0,0,42,546,42,68,3,22,9,51,0,0,2,1,1,5,1,0,25,24470,0,0,0,0,0,0,0,0,0,0,0,0,6,3,0,1,0,1,0,0,0,0,1,29,14,52,19,51,49,178,87,1057,945,404,28,827,257,2032,3852,47,688,1099,1117,470,16,33,81,87,20,33,21,7,16,28,18,70,5,0,36,2,5,15,11,6,41,5,4,4,17,4460,2789,3498,1862,845,1281,212,103,136,869,13,6,28,24,12,4,2,615,8207,3526,577,1697,3856,0,1,10,0,0,0,0,0,0,0,8,0,0,0,0,0,0,0,1,0,0,0,0,0,2,1
BP5,3458,3473,2397,517,2289,2900,1183,0,324,850,2139,2,0,0,0,2,0,0,0,1,3,107,11,58,0,2,1,1,0,0,0,1,0,1,0,0,8,12466,0,0,1,0,0,0,0,0,0,0,0,0,1,0,0,0,0,0,0,0,0,0,0,6,7,5,13,9,11,74,10,131,81,69,9,94,109,497,2462,15,137,361,258,393,10,60,106,23,39,10,8,0,13,15,6,22,1,0,0,0,1,0,0,1,3,2,1,3,0,427,459,471,200,169,182,39,7,11,376,7,3,7,5,2,0,2,239,3828,1083,272,220,455,0,0,0,0,0,1,0,0,0,0,0,0,0,0,0,0,0,0,0,0,0,0,0,0,1,0
BP7,1748,1265,684,171,1021,1025,988,1816,0,252,989,2,5,0,0,0,0,1,0,0,2,34,5,1,0,0,1,1,0,0,0,0,0,0,2,5,1,8047,0,0,0,0,0,0,0,0,0,0,1,0,1,0,0,0,0,0,0,0,0,0,0,3,2,11,7,8,7,13,11,93,86,81,9,92,112,452,3831,12,232,616,374,558,0,77,46,101,51,3,3,3,3,5,3,5,0,0,1,0,0,0,0,0,2,1,1,1,0,134,266,97,94,87,94,16,2,13,444,11,1,6,0,1,0,1,466,4051,768,132,92,103,0,0,0,0,0,0,0,0,0,0,0,0,0,0,0,0,0,0,0,0,0,0,0,0,0,0
BP8,5341,3447,2209,973,2747,2716,1930,2261,1355,0,1230,2,0,0,0,3,0,0,0,0,0,49,11,6,0,0,1,2,0,0,0,5,0,0,0,1,3,11442,0,0,0,1,0,0,0,0,0,0,2,1,1,0,0,1,0,0,0,0,0,0,0,1,3,4,5,16,3,18,9,74,88,34,2,81,54,364,4187,29,358,820,717,597,1,69,235,204,60,4,22,0,0,6,11,13,0,0,4,3,3,0,0,5,2,2,0,1,1,105,140,131,60,78,86,12,4,15,518,4,1,1,5,2,0,0,465,5579,1460,157,42,92,0,1,0,0,0,0,0,0,0,0,0,0,0,0,0,0,0,0,0,0,0,0,0,0,0,0
BP9,1989,1890,1836,2073,2288,1780,1365,4294,3818,2776,0,1,1,1,0,0,0,2,0,0,2,142,10,11,2,1,6,0,0,1,0,1,0,0,1,3,3,20306,0,0,0,0,0,0,0,0,0,0,0,0,0,0,0,0,1,0,0,0,0,0,0,6,2,9,2,13,6,47,7,138,63,73,9,126,169,494,3802,21,463,906,468,571,1,198,78,114,36,6,9,0,1,5,6,15,0,0,4,3,0,0,0,2,1,0,0,0,0,204,305,219,101,102,133,15,4,14,740,5,1,6,7,4,0,0,623,5342,1466,354,82,209,0,0,0,0,0,0,0,0,0,0,0,0,0,0,0,0,1,0,0,0,0,0,0,0,0,0
CC10/DT26,0,3,0,1,5,25,5,1,0,1,0,118,6372,1704,1833,3355,757,527,610,945,1477,2364,1217,2095,1427,862,662,543,2938,4039,1606,3175,3115,3936,3652,3596,2936,4889,321,394,2096,3247,189,2399,4525,6224,2954,4502,1169,2773,5303,4133,779,4902,4942,10866,1892,1056,337,243,146,2614,911,1171,3547,1546,1272,1866,1743,2059,1030,763,15418,656,612,2367,3169,803,2349,2876,1764,578,1765,105,104,178,116,1686,5410,1303,1053,25779,1439,3558,1013,213,17579,2055,5792,2818,6834,5635,9717,411,591,988,715,5879,6081,8936,5419,2426,5905,11277,1939,1706,971,2237,730,2755,1720,2943,151,58,830,1192,2106,1541,2103,3652,474,677,738,145,750,639,601,56,21,102,424,127,210,512,951,479,301,274,156,504,446,211,970,586,500,241
CC11,1,4,4,2,55,85,12,5,0,1,0,6671,0,3144,2167,5317,1394,812,1260,2052,2221,3638,1084,1372,1549,645,578,929,1466,1945,1637,1516,2675,4240,2083,1522,1877,8630,537,343,1247,2199,338,1259,1185,4225,1182,3235,595,1698,2529,3795,1332,3435,3113,8469,1158,1843,434,455,299,5012,1338,1881,2225,1235,1993,3741,4956,3267,1958,1435,8393,800,594,5097,4961,1531,4570,5188,3778,852,3082,228,215,333,321,3286,6752,1583,2101,17105,2071,1867,1567,441,20552,2255,8380,4492,9673,9303,3500,601,2132,5382,2995,11888,9671,13323,9093,3297,8600,12909,2526,2530,2048,1948,689,2316,1383,2107,355,93,1479,2286,3832,3179,4691,6151,584,1494,942,238,1073,1304,1059,33,556,195,745,241,371,1077,1322,611,529,315,147,485,504,405,2054,817,847,471
CC12,0,0,0,0,17,3,1,0,0,0,0,1636,2709,0,1887,2165,619,855,526,694,948,1773,1199,1681,430,1620,392,198,904,1428,573,1251,1278,1278,635,641,523,1175,217,82,1158,818,196,426,414,397,293,551,192,345,542,473,349,397,271,1044,197,685,308,312,298,563,190,391,1024,442,929,928,477,415,283,164,857,109,190,1171,846,99,491,815,417,234,458,22,21,34,215,544,960,271,309,6168,629,940,1059,425,18675,1568,1517,1405,1719,1610,856,462,629,1031,1069,1219,1230,1454,1119,779,1727,6504,446,787,273,1284,277,1596,786,1079,220,34,96,337,471,413,529,773,133,199,268,24,248,102,103,8,3,107,158,1,151,247,231,80,134,68,62,150,29,67,135,117,99,87
CC14,0,0,1,0,11,19,26,8,0,0,2,1412,1709,2167,0,2748,615,2049,962,1866,1825,3079,1495,2264,1048,358,676,445,1003,1160,465,848,782,1290,735,382,541,2009,293,240,834,598,181,378,213,126,289,148,88,452,553,275,578,314,363,1110,245,932,621,489,583,642,271,326,1289,920,1750,1132,818,440,424,460,1436,226,226,1396,1503,205,852,1222,718,265,522,53,34,13,66,438,1315,575,372,4630,553,1318,1641,656,19582,2285,2515,1281,2658,2010,1244,698,885,1684,1101,2671,2135,2744,2057,1332,2489,14679,996,1750,316,3304,969,3887,2137,1508,187,16,247,546,786,684,886,1198,107,244,332,108,295,238,117,17,15,2,18,88,68,217,372,232,191,165,153,90,100,119,377,163,157,103
CC16,4,2,7,1,29,6,4,13,2,3,0,3329,4359,2745,2858,0,2450,2918,320,2859,3521,8100,4263,6181,2652,1100,1724,1405,705,1163,612,1053,1637,2436,974,667,951,6376,748,462,991,755,1061,122,71,115,389,593,367,989,1408,1164,1718,1456,958,2784,593,2490,850,474,719,1698,474,521,1241,1103,1235,1069,789,1507,1041,1004,3363,729,907,5132,4112,959,3347,4582,2878,1235,1186,193,250,194,147,1520,3534,1071,1090,8824,2063,4070,1631,483,14641,2769,3439,2137,3715,3631,1286,409,664,1403,1764,2886,2375,3049,2278,867,2745,17430,1042,2553,772,1956,661,2022,1141,1101,104,120,637,647,1104,858,848,1593,256,498,504,60,345,348,332,19,109,18,313,137,87,475,476,313,281,89,85,201,79,157,287,103,122,73
CC17,0,0,1,1,3,2,3,0,0,0,1,686,877,593,692,1868,0,2315,45,2075,3050,6249,3205,5049,2461,1386,1714,723,68,208,164,653,563,617,201,191,317,2336,164,273,316,187,314,10,16,23,23,112,35,168,317,187,474,283,290,598,189,1058,535,271,337,421,119,58,276,61,28,80,65,236,387,548,641,449,667,3203,4514,426,1842,3179,2314,1469,260,263,244,243,228,337,742,218,229,2232,686,2060,154,99,3818,561,937,518,1113,879,147,36,193,147,376,780,918,599,492,242,570,2033,66,72,347,38,138,55,71,113,7,4,212,232,366,220,212,348,108,124,97,41,62,72,60,3,14,0,56,18,16,122,220,92,50,48,65,92,83,35,105,71,49,7
CC19/DT9,1,1,2,0,27,6,2,1,0,1,1,797,963,1239,2413,3072,3116,698,206,3149,6404,6224,2967,3005,1722,709,600,942,270,1229,254,415,461,691,1029,164,266,9534,1309,2126,1970,1939,890,625,287,94,104,104,67,283,677,388,2833,462,326,1125,178,4522,2111,1945,1641,824,530,587,4012,491,252,840,566,964,697,574,1289,347,385,2158,2388,466,1876,2387,1792,706,514,64,85,110,216,533,836,336,355,3080,899,1949,484,202,7625,1520,1615,787,1668,1261,2014,680,3250,1552,788,2383,2294,2692,1898,2016,2287,7492,271,302,303,101,11589,165,72,654,9,6,328,147,221,163,383,1105,148,236,184,55,211,145,84,21,17,5,72,40,32,175,221,106,103,35,29,117,45,87,238,115,61,57
CC2,0,0,0,0,1,0,0,0,0,0,0,780,1197,661,1056,409,50,154,0,101,67,171,102,398,257,101,155,134,3321,2000,1056,1844,2165,1903,962,21,126,2322,70,113,375,140,229,17,4,10,7,9,14,63,124,107,837,28,46,109,12,1091,546,163,180,812,81,112,372,316,684,315,496,298,167,113,413,133,76,381,405,141,441,550,326,25,810,0,1,11,1,752,1314,832,504,3415,273,1284,1696,391,7609,2644,5390,2816,4923,3393,584,358,856,1614,1929,3270,2436,2826,2600,1365,3295,3517,1442,3248,274,969,490,1378,1521,7550,71,15,123,86,395,916,576,1264,415,473,468,109,485,462,247,8,9,3,93,133,125,626,644,419,430,189,64,228,271,179,758,404,211,141
CC20,0,6,0,1,5,0,2,0,1,0,2,721,1754,772,1755,2381,1915,3033,88,0,9845,7557,3977,4306,1980,752,616,468,178,637,236,350,269,297,445,220,217,2741,315,889,1143,633,427,104,32,18,86,126,121,138,398,209,951,118,115,375,73,989,421,323,308,246,251,363,1422,296,659,1017,266,679,400,238,539,332,279,2076,2671,395,1331,1880,1245,397,135,45,117,24,95,156,424,156,159,1628,308,2601,382,431,6073,591,1180,488,959,901,527,161,1582,931,549,924,1292,2212,1731,961,2377,7696,182,539,440,293,2471,145,43,230,24,9,497,402,461,160,301,463,70,148,155,7,101,81,57,2,1,4,103,31,34,93,152,71,104,94,35,39,39,7,111,47,87,53
CC21,7,2,4,2,107,39,30,9,0,3,11,1570,2401,902,1865,3228,3277,6942,94,9307,0,16329,11073,13466,3924,1566,1546,1300,213,1268,247,663,794,749,1005,387,383,4085,1021,1430,1266,927,461,124,52,53,86,267,240,477,567,228,1390,358,432,822,250,1574,853,693,1263,482,209,520,2486,832,1487,1920,866,1704,926,973,1069,839,548,3536,4965,937,2452,3416,1870,433,307,78,73,82,62,376,920,384,398,3155,645,6488,609,249,7324,1262,1659,730,1531,1310,1358,477,1649,1029,1089,1502,1722,2793,2176,1669,2962,7802,561,1425,1266,1042,4080,323,156,451,47,9,1139,1213,1424,837,696,1131,49,168,240,22,172,125,148,9,13,22,153,44,80,172,357,117,116,31,56,87,115,50,225,92,93,43
CC22/EW21,196,152,164,57,695,1198,441,209,24,71,114,2445,3386,2429,2903,7316,6043,7134,135,6657,12663,323,14385,17619,4443,2686,1607,3134,120,993,211,748,856,1625,1034,506,1119,7104,1484,1265,452,263,785,329,141,120,84,368,186,609,1393,784,2523,1054,937,2147,338,2266,765,538,1391,5699,1734,3376,5933,6010,7545,9223,4383,12480,8497,9647,5105,6555,4160,24249,21733,4630,14666,18335,11405,2374,2300,337,459,448,437,2531,4902,1508,2100,4245,3941,7794,1458,255,15593,2028,5038,2817,5363,4178,2985,907,2559,1933,2136,6716,5258,7841,5090,3100,7153,14405,1058,2953,9419,1499,4287,1533,1324,1304,460,70,6915,11784,9775,3359,3937,5551,381,618,607,159,480,471,379,22,26,28,154,48,140,474,686,512,347,240,131,314,195,216,503,390,238,160
CC23,13,31,16,1,325,427,68,6,0,4,23,1370,1170,1783,1952,4608,3752,3719,71,3250,8663,12053,0,9363,6433,2016,1311,3066,51,203,57,171,618,1415,171,101,138,7027,885,922,242,168,539,263,52,94,73,286,155,635,1308,842,1965,905,901,2495,408,1806,606,267,363,2013,1124,1022,904,563,630,1207,1187,3459,2411,2748,2504,1611,764,8141,5895,1575,6101,7480,4401,552,1090,73,76,64,267,1059,2427,715,605,3597,1248,5044,1065,251,10667,1698,4170,2709,4213,4106,1271,321,1252,1569,1752,3845,4047,5048,3997,1827,4283,8516,729,1275,3850,363,1949,173,147,471,31,8,3034,4600,3606,2090,2128,2892,298,544,458,89,567,266,243,10,7,3,203,84,138,440,857,380,307,149,110,294,173,119,574,355,305,78
CC24,23,39,5,16,610,563,125,69,4,5,27,2863,1547,2739,2854,7088,6163,3788,405,4020,10901,13061,9334,0,8423,2580,1091,4797,104,470,184,455,690,1734,457,103,353,15678,1004,1212,246,324,853,200,134,225,69,414,274,935,2010,1222,1956,1894,1294,5102,585,2295,699,263,458,3853,1399,1093,2429,640,891,1397,2138,3623,2537,3773,4678,3854,1475,9789,6742,1741,8870,12060,8210,543,1927,131,85,146,110,1633,3509,1272,1064,4564,1793,9945,1573,440,20233,3327,6759,3538,6437,4797,2153,730,1812,2392,3304,6520,6023,8784,7002,2896,7503,14340,1058,1927,5141,677,2638,568,429,1149,21,16,5968,9085,7792,1619,3178,4325,612,890,504,244,700,750,369,8,23,11,352,105,148,744,884,666,571,276,121,341,335,385,722,470,374,177
CC25,4,0,9,0,151,97,8,3,0,1,5,1329,1375,561,1116,2252,2589,2426,180,1497,4037,4545,6332,7181,0,858,932,993,132,362,62,247,139,269,503,117,194,3343,480,424,475,385,155,160,135,162,133,262,158,416,625,350,543,301,509,1099,163,630,231,225,284,798,451,347,910,500,361,557,1248,1251,488,598,1179,761,145,1094,1517,640,1888,2551,1670,243,432,36,38,33,61,318,661,248,261,1539,859,10239,683,158,6133,933,2485,1214,2314,1830,2875,963,2525,1737,1639,2076,1604,3452,2255,1024,3050,5061,541,862,644,381,1459,778,577,1404,6,8,1017,1260,1087,725,921,913,130,258,217,84,194,141,184,3,34,2,105,57,140,178,370,140,132,84,36,96,133,47,398,136,79,45
CC26,3,2,2,1,130,154,22,2,0,0,0,897,582,1675,284,842,1534,840,125,923,1551,2742,1842,2453,1254,0,1444,1548,93,137,47,257,100,97,157,36,141,3906,453,161,230,227,178,163,99,255,74,235,118,332,632,482,563,324,504,1141,98,389,212,123,77,763,484,351,389,271,225,345,715,517,383,257,978,742,272,1963,1876,947,3292,4417,3008,626,390,101,120,60,154,181,507,154,181,813,604,10544,638,172,3564,1105,2210,1176,2152,1708,1892,527,2192,1493,1707,2756,2244,3213,2362,726,2163,3199,366,484,1382,218,417,474,311,659,48,10,2013,2270,2515,1493,1333,1328,115,260,183,46,261,237,137,1,16,0,296,57,157,125,307,208,134,114,34,110,150,42,350,114,109,69
CC27,0,1,3,2,200,167,18,2,1,0,4,802,689,581,818,2144,1956,922,77,698,1418,1821,1363,1424,782,1214,0,869,77,128,70,106,102,114,158,53,133,3485,340,137,149,216,202,137,131,241,130,351,263,444,651,500,700,855,630,1948,336,776,292,133,179,1461,338,394,403,227,326,332,713,637,96,86,2033,163,173,1354,1462,669,2261,3283,2135,204,588,36,17,24,62,587,745,408,354,1420,858,5925,1201,209,4720,1699,3555,2361,3739,3077,1177,468,1352,1425,2722,2643,2881,3721,2548,1219,2726,4413,383,1067,1294,348,383,407,320,882,8,6,1500,1993,2388,857,978,1550,467,499,544,74,415,421,238,3,23,3,177,101,97,405,524,251,426,174,66,154,102,93,483,227,159,102
CC28,1,1,1,0,8,41,43,2,5,0,1,421,587,142,388,1138,609,626,116,424,1287,2443,2343,4077,669,1459,691,0,124,385,49,137,98,129,354,188,259,1127,140,164,278,454,129,154,178,126,238,232,137,282,234,210,258,387,331,648,122,439,242,230,158,399,168,227,730,494,346,553,1153,366,69,71,1011,150,219,1411,1524,179,970,1431,820,490,196,55,74,111,54,165,448,75,147,699,262,13858,600,218,1986,859,1658,736,1958,1249,3056,843,1529,1333,1224,476,717,1273,714,574,1070,2924,123,717,360,470,239,739,592,1232,7,18,431,661,475,303,242,439,118,202,207,67,148,176,101,5,5,5,43,19,14,159,307,86,142,128,60,73,31,15,232,117,100,31
CC3,0,0,0,1,0,0,1,0,0,0,0,3203,1660,1017,920,596,42,204,3532,146,124,115,74,237,166,62,135,170,0,1354,1811,3576,2890,2192,3118,132,166,2989,324,534,1172,501,124,235,33,49,47,73,102,623,1133,948,476,850,872,1642,180,708,409,109,138,1087,85,93,969,103,260,97,710,115,51,24,1812,17,17,99,104,28,79,81,71,37,399,2,0,1,31,480,1572,426,695,3278,244,1715,1751,381,6929,2321,4524,2718,4538,3864,2309,764,999,2069,2843,1388,1016,1754,1171,618,2131,2051,1072,2059,39,706,593,1570,1246,4933,138,42,13,23,101,86,388,644,404,574,444,148,334,340,265,6,5,1,229,79,154,400,573,334,391,229,54,274,77,123,722,311,239,238
CC4/DT15,4,5,6,0,15,9,6,0,1,0,1,4656,2334,1859,1345,1466,289,1328,2153,820,991,1208,552,843,565,152,234,578,1150,0,4858,5569,4715,5184,13657,398,575,17478,3026,4914,12936,7861,774,2142,477,586,544,1385,611,1284,3417,2004,3525,2035,2218,4701,703,5303,2412,1257,1325,5335,1588,1374,11405,423,1173,1061,1692,1637,1042,867,6035,607,336,1608,1224,275,1240,1853,1351,85,2298,33,20,48,127,1898,5471,2065,1973,8567,2366,3390,1973,415,11480,2524,5681,3398,5253,4950,10468,749,4186,2550,2943,1274,1416,1847,1005,738,1978,4750,510,1269,487,489,31064,1809,2130,4960,601,130,321,84,179,62,320,728,369,691,523,101,674,542,250,4,5,1,215,88,90,478,732,434,355,222,161,368,158,216,805,325,320,123
CC5,0,1,0,1,5,3,0,0,0,1,0,2194,1904,745,729,796,202,188,1006,257,272,266,116,229,108,30,79,44,2177,4935,0,4870,1603,1461,4417,202,379,3075,323,408,1345,812,85,309,35,87,8,80,63,611,871,541,386,618,948,1656,279,737,224,177,136,1472,128,54,860,148,284,157,296,169,111,81,1845,64,14,275,305,80,365,352,247,49,712,6,10,13,12,655,1899,378,700,3509,315,879,171,17,5487,651,2047,1297,2481,2042,1395,249,502,521,367,1418,1238,2100,1305,687,2087,3179,480,1021,75,324,948,1362,799,2264,380,101,36,59,190,81,407,985,156,260,226,55,176,147,143,10,7,5,139,59,42,158,301,154,211,56,66,132,85,63,354,124,113,85
CC6,2,1,0,1,4,0,10,0,0,0,2,3413,1958,1281,984,1130,688,390,2436,341,588,1091,327,637,323,481,187,199,4626,5809,5633,0,11142,7394,3146,587,415,3483,830,1100,4183,2473,165,515,87,141,241,888,331,881,1551,1063,589,774,957,2180,361,1096,723,357,644,3045,604,701,3590,507,1455,775,1288,926,481,368,3402,341,149,927,939,269,959,904,622,248,1355,16,13,14,26,1312,4069,1091,1466,10495,1353,1507,699,240,7317,996,2628,1092,2207,1496,1958,598,1837,1185,1123,1520,1503,2142,1786,914,2386,3771,856,1306,204,999,1703,2677,1763,4315,609,47,249,112,282,433,490,1075,183,281,203,76,198,221,123,8,1,3,75,55,31,313,294,195,154,65,17,124,133,42,276,153,117,55
CC7,0,0,1,0,2,5,6,0,0,1,0,3188,2464,1451,1005,1875,701,430,1914,271,784,973,586,671,247,181,89,73,3750,5792,1388,12904,0,3548,5203,692,834,2595,461,754,2632,1767,86,439,57,240,141,483,244,1104,1649,1122,398,1019,1304,2192,329,1021,585,396,542,2848,229,284,2243,404,701,591,776,474,242,247,4512,124,165,578,929,185,582,708,501,153,1538,9,18,16,41,1117,3030,797,1017,13615,993,1034,583,144,8038,1014,2596,1191,2645,2571,2657,400,1260,880,458,1869,1643,2742,1579,997,2183,4626,788,949,317,1311,827,2293,1260,3478,665,53,180,129,465,261,491,1253,259,254,328,104,259,277,174,3,56,1,124,39,85,326,371,168,176,101,67,150,138,72,422,309,197,123
CC8,0,0,0,1,1,1,0,0,0,0,0,3995,3744,1434,1332,2172,558,521,1580,328,715,1348,985,1257,266,66,105,69,2854,5265,1430,7495,2536,0,5284,616,751,1189,535,459,3725,2116,135,469,73,550,185,1024,386,1271,1455,668,324,750,1135,1963,328,695,413,424,618,2011,310,552,1370,425,734,754,575,620,271,234,3439,156,222,786,582,89,205,657,312,132,1014,51,40,17,51,1021,1882,629,1111,14332,1281,1068,545,150,8572,1203,2682,1499,2961,2617,2007,476,680,711,387,2011,1804,2611,1797,1003,2460,5665,1201,995,158,1394,903,1952,1419,2791,674,94,155,322,553,298,394,1072,269,420,270,141,534,271,182,15,9,6,235,27,102,405,379,221,199,53,179,241,99,55,340,252,168,50
CE1/DT16,2,3,0,4,10,9,4,0,1,0,2,4694,2310,796,847,1241,235,1122,1135,533,958,1157,351,787,705,143,286,491,4695,10732,5664,2339,4645,5184,235,614,2122,22951,4455,9061,5679,5873,493,4058,2101,2355,1261,3229,1943,3377,3947,2848,2251,3187,2548,5739,689,5720,1621,693,504,4837,3315,2984,22967,3584,2840,1712,2474,3693,1590,1341,8823,1547,319,3288,3926,837,3804,4970,3107,718,2282,189,196,262,282,2086,7409,1260,2876,10213,5042,8610,2380,424,12676,3859,8867,3775,7294,5645,28341,1860,8455,5015,4944,2002,2059,3264,1670,574,2406,3260,568,1810,753,845,62347,5783,3852,3970,1910,905,705,352,382,418,676,1167,778,730,681,190,584,736,546,6,16,41,466,199,161,815,1080,461,540,342,152,442,326,240,1245,724,371,328
CG1/DT35,0,0,2,2,3,4,0,0,8,0,3,4420,1564,784,509,1023,226,155,29,299,318,623,165,236,212,69,92,308,93,330,157,405,710,835,584,467,14414,3533,275,198,773,842,123,1243,1491,3734,2013,3136,1651,2943,7224,7206,546,7480,8629,38510,16171,864,273,138,117,9407,2575,1880,2242,763,807,1049,886,2221,1120,721,45223,907,341,1571,1387,525,1666,1308,984,237,2033,26,48,35,82,9798,12905,5354,4275,4955,4084,974,280,161,5442,1137,2206,1040,816,512,2232,124,540,432,286,1509,1391,1093,576,925,2694,3183,941,1063,618,448,803,963,509,311,46,25,588,467,714,325,503,645,13,19,45,32,51,99,102,0,0,1,28,0,3,11,100,39,115,25,29,56,44,8,198,64,42,39
CG2,5,6,5,4,62,30,13,1,1,0,4,2952,1589,485,553,1217,401,232,148,251,252,1383,233,452,212,164,160,324,221,543,350,403,907,808,2984,13615,0,4964,461,1295,331,347,127,1014,1506,2894,924,2176,1009,1654,4050,3417,606,2722,3432,5581,1018,1050,288,155,98,8113,7709,6614,8577,3894,2610,2941,2683,5376,2337,1473,12300,1956,778,4355,4250,1106,3630,4624,3815,656,9430,218,304,354,648,22731,22895,7422,8294,10585,9351,1879,612,65,5321,512,785,164,151,195,4439,679,1976,1403,475,823,594,511,227,703,2881,4085,1587,2857,1978,1261,790,3058,2069,920,147,174,1442,1442,1206,516,468,459,8,17,14,3,22,21,13,1,3,14,70,8,3,7,16,24,18,10,8,2,12,14,34,24,32,6
DT1/BP6,33356,39443,35416,12450,33021,35095,27204,12659,5324,7863,19557,4689,7603,1280,1955,6372,2245,8418,1642,2253,4316,7316,6364,12303,2777,3825,2685,1106,2975,17085,2849,3623,2331,1392,21957,2850,4452,11,4544,24597,18673,20406,13442,3604,1861,927,2326,1449,1321,3195,3839,1436,16720,1170,1548,3397,1257,44961,15234,13119,14826,2312,2036,5343,42898,3762,2704,5572,7034,1710,923,759,6270,782,691,2471,14275,158,1267,2494,1690,1374,1447,361,318,274,180,3178,4979,914,1587,8216,4749,11361,3950,1910,8790,3313,4093,1585,2241,3565,23985,4242,37397,12116,6357,3853,2832,1361,822,1374,1739,6722,127,164,2422,69,61196,185,149,3855,126,55,3563,35033,9626,1287,1247,2634,123,310,416,102,272,364,359,30,567,196,392,49,97,196,255,118,171,92,184,185,117,39,282,122,187,111
DT10,1,0,0,0,1,1,0,0,0,0,0,211,383,228,239,649,132,2359,53,386,1068,1465,858,782,430,281,295,193,275,1767,205,543,244,371,2619,148,296,5966,0,1819,3831,2607,1178,294,77,52,69,133,61,93,175,179,1932,190,175,460,66,3950,1979,1315,1336,596,341,700,3973,218,230,777,892,292,79,107,733,76,68,602,476,197,533,765,470,130,288,33,35,44,97,327,697,318,246,834,870,1167,372,450,1039,672,995,885,1071,879,1966,498,3848,1488,831,10,9,28,23,21,31,569,0,1,33,9,12135,7,7,418,7,1,49,7,6,12,6,9,54,66,102,8,95,30,16,12,2,3,177,27,61,41,105,157,38,11,38,97,13,17,101,145,31,42
DT13,0,2,2,1,4,1,2,0,0,0,0,433,384,86,283,639,238,1777,105,981,1422,1559,1255,1580,579,212,225,221,579,4709,390,1136,910,503,9282,177,1449,26092,3655,0,5346,3017,1435,443,159,96,96,181,59,236,305,176,4686,242,225,635,80,9004,3521,1876,1684,2173,653,1139,6817,1180,1059,1230,822,900,451,456,1126,252,182,1305,1599,256,1262,1676,1125,373,941,99,74,39,81,989,2038,611,761,1656,1253,1601,1347,450,4750,2252,4370,1850,4287,2705,3995,497,7128,2530,1619,44,26,40,18,25,93,233,16,29,195,16,48852,211,251,1652,219,65,170,57,69,17,20,39,312,362,317,76,402,361,202,11,7,7,115,99,101,502,439,266,233,325,69,198,204,97,611,327,170,150
DT17,1,0,2,0,2,3,1,0,0,0,0,2811,1232,1727,1266,1498,303,1813,232,1293,942,493,282,286,741,234,185,509,823,9574,1239,3276,2170,3641,5369,598,170,21535,5455,4187,0,11090,1448,9615,2857,3908,2014,3008,2538,2841,4547,3957,5676,5303,3748,10047,2032,6024,3628,1930,2663,2188,809,1047,13880,239,76,136,1831,560,437,383,9002,381,142,541,481,118,465,391,303,20,1327,2,3,14,21,1317,1708,1273,835,3261,1562,4056,2707,712,9761,4920,8004,5320,7930,7419,25848,1128,4746,2893,3556,38,27,18,17,12,37,445,8,19,144,19,26577,141,95,1038,22,9,188,32,79,7,25,23,592,988,897,206,828,709,699,4,6,8,337,197,229,824,969,859,499,376,164,401,238,236,1219,642,439,157
DT18,0,0,1,0,4,1,0,0,0,0,0,4605,2121,1144,826,1082,251,1583,88,670,710,283,246,439,565,221,200,481,469,6764,976,1963,2023,2699,5762,694,254,22775,4249,2748,12926,0,1511,8121,5936,6127,2545,5157,3252,3638,7186,5487,5704,7152,6786,16125,2596,6077,2880,1770,2257,524,272,522,7195,204,54,99,1369,379,343,221,11263,242,82,490,362,77,345,408,195,38,441,2,3,20,2,418,885,420,351,2220,635,2932,3412,700,11068,4880,9122,5177,9721,8537,18518,920,3735,3483,4755,92,54,155,119,36,141,354,25,76,104,46,17324,230,259,1187,28,15,131,54,73,73,29,56,708,1532,1042,221,1192,918,653,33,17,1,405,228,263,1017,1022,906,725,370,242,537,432,438,1460,653,535,323
DT2,0,0,2,0,0,0,0,0,0,0,0,168,203,151,240,718,219,695,97,235,354,704,430,564,118,95,153,141,74,616,93,118,101,142,375,72,119,5462,407,1101,905,998,0,142,99,31,81,32,41,88,148,104,1067,130,113,423,72,3490,1261,718,1237,558,101,296,1788,302,90,432,603,234,154,180,466,76,44,82,19,0,10,20,26,6,192,0,1,0,0,183,487,167,91,410,233,646,185,106,1382,361,692,297,607,397,903,263,1047,481,300,2,3,107,85,142,266,940,11,8,0,3,5780,9,12,357,0,0,0,0,1,2,0,0,20,41,13,64,92,57,74,2,9,1,19,3,1,54,20,80,36,47,8,18,2,7,73,60,54,38
DT20,0,1,0,0,0,0,0,0,0,0,0,3174,1381,464,489,161,43,545,16,92,141,361,269,289,182,116,173,102,245,2784,328,533,433,495,4883,1210,873,3598,424,558,10641,9160,178,0,4290,4184,2390,3107,2610,2877,4256,3316,828,3126,2804,6983,1319,1196,552,346,325,138,206,253,3393,185,152,450,911,182,165,200,7675,269,84,474,886,230,590,718,385,148,136,17,9,7,19,282,597,383,417,1985,523,2118,471,202,2073,930,1721,859,1615,1299,10630,155,1523,717,570,139,129,133,94,49,242,537,43,106,302,85,5643,216,184,663,14,6,189,96,186,31,50,132,51,96,115,13,78,139,126,0,2,9,145,28,27,138,117,100,161,35,32,123,57,38,257,59,67,54
DT21,0,0,0,0,0,1,0,0,0,0,0,5142,1383,702,365,82,18,153,6,26,26,162,76,152,263,100,178,230,74,468,28,37,31,131,2380,1479,1350,1168,73,200,3744,5256,62,4359,0,2573,3115,5199,4117,5663,9153,6266,240,7994,7726,18587,3179,457,164,95,65,82,48,102,1109,89,65,101,686,382,163,206,17512,129,59,394,600,99,750,820,435,124,30,2,0,18,8,108,241,108,160,767,79,2007,117,4,1253,229,433,137,417,388,9821,186,221,134,141,59,68,86,45,25,46,350,5,19,149,4,997,72,47,150,7,8,146,31,145,11,25,47,73,72,48,51,63,125,21,5,0,0,44,9,9,73,43,18,22,21,8,11,52,9,41,65,10,9
DT22,0,1,0,0,0,0,0,0,0,0,0,7933,4482,381,173,73,33,61,11,27,26,92,77,176,187,177,168,92,145,802,55,234,192,567,2462,4325,3837,384,60,104,3913,5286,8,4405,5153,0,3321,7352,6147,14349,18928,6152,48,6097,5546,14736,3443,139,63,33,19,57,17,30,873,142,119,183,996,292,128,110,15047,122,69,219,437,41,287,257,199,98,90,15,12,15,45,170,343,115,163,2263,114,2229,39,9,1014,116,163,97,230,118,12082,190,135,146,105,83,85,142,73,61,244,613,37,33,68,16,843,101,90,258,21,8,77,24,29,26,38,102,42,21,41,49,7,20,7,1,2,1,10,0,9,8,30,2,15,4,1,6,10,0,33,5,6,7
DT23,0,0,0,0,0,1,0,0,0,0,0,3252,969,378,403,486,16,97,4,65,52,74,104,102,183,77,76,208,44,561,14,154,141,131,1206,1717,887,1815,100,123,2036,2321,110,2138,3665,4031,0,1922,1743,3955,5251,3658,217,4128,3637,8588,1597,303,124,59,27,24,8,17,388,68,52,62,447,184,158,103,7557,79,34,234,167,73,165,163,250,15,29,5,8,10,4,84,214,82,97,842,38,979,13,0,1716,121,380,184,397,334,4295,79,114,31,37,718,882,968,594,255,708,1580,34,43,36,10,828,41,67,111,4,5,74,23,96,39,314,344,42,69,80,13,26,49,41,1,0,0,17,3,38,50,36,20,45,19,0,23,21,10,90,49,29,14
DT24,0,0,0,0,1,0,0,0,0,0,0,4723,2764,513,159,495,114,98,11,155,236,286,259,385,367,162,300,155,139,1451,77,723,486,895,2955,2761,2084,1202,142,223,2615,4052,15,2509,6023,8885,1685,0,3033,5670,5006,2418,118,3446,2299,6746,1400,383,136,91,138,73,17,49,837,121,50,178,1123,322,127,163,8334,176,68,334,522,30,226,325,208,90,34,42,13,11,90,199,496,164,182,3539,160,2659,7,14,1386,146,194,36,269,190,8895,250,342,157,36,387,546,444,283,223,474,1271,63,45,72,42,730,112,119,263,6,16,15,33,100,170,119,272,10,21,17,4,7,5,8,3,11,0,28,3,5,17,37,8,6,13,7,3,35,1,36,31,9,4
DT25,0,0,0,0,0,0,0,0,0,0,1,1371,696,289,135,437,95,80,12,175,238,238,145,257,124,126,253,76,210,660,134,398,340,518,1971,1498,1069,1220,54,222,2364,3156,117,2440,4319,5518,1980,3766,0,1597,4661,2848,163,3897,3020,7102,1330,292,49,59,22,55,13,56,765,101,81,129,981,276,174,74,8160,119,24,175,246,72,303,274,64,55,143,6,20,14,13,129,461,113,164,1906,53,2325,34,14,1385,166,354,224,317,508,7086,200,218,187,42,869,673,1079,559,289,592,1101,108,94,93,92,537,140,87,224,54,21,47,73,229,81,229,450,12,57,36,5,113,37,53,4,1,1,30,2,8,18,54,23,26,4,28,40,10,11,16,47,9,9
DT27,0,1,1,0,34,0,2,0,1,0,0,4652,1958,370,406,1223,164,264,68,225,495,737,668,963,482,465,455,354,555,1090,456,662,1202,1353,3104,2690,1746,3290,150,297,2396,3216,124,2529,4695,13247,3867,5864,1860,0,5795,3799,295,5332,4646,13751,2049,756,353,200,74,59,224,292,1399,350,216,358,1785,530,285,274,15251,269,143,1022,1079,140,970,1088,769,225,50,57,54,104,121,235,481,149,56,4219,715,2748,364,307,3412,468,1259,895,1698,1877,8452,408,532,531,248,2195,2729,2872,1598,884,1983,3019,469,348,358,274,735,416,333,659,45,80,228,325,620,756,883,1477,94,230,163,107,252,351,283,15,235,118,274,19,90,327,160,126,95,64,65,126,137,84,305,153,208,32
DT28,0,0,0,0,2,3,4,0,0,0,0,6788,2632,542,678,1234,267,409,109,335,485,1304,1160,1546,624,493,493,184,1157,2831,739,1619,1558,1816,3249,5749,3879,3420,247,294,3444,5323,206,3447,7753,19583,4620,5106,4580,5735,0,2734,219,5975,4537,14070,2413,909,361,370,221,21,543,329,2893,727,423,703,2387,743,602,664,21514,256,146,1381,1671,306,1197,1688,1121,393,35,125,94,116,189,233,218,218,125,7228,1347,3691,369,235,4865,722,838,669,1760,1795,10172,501,732,712,371,2671,2346,3355,1867,1132,2814,3727,278,402,416,431,915,671,634,788,24,107,269,662,1033,916,1010,1548,63,124,152,32,259,329,213,22,181,8,219,41,40,110,137,144,60,41,65,146,105,35,362,110,267,42
DT29,0,0,0,0,0,0,2,0,0,0,0,4070,3037,403,341,910,131,209,112,164,249,709,698,954,469,371,448,132,922,1749,445,944,712,810,2622,5992,3092,1429,156,217,3630,4871,150,2883,5928,5173,3248,2307,2467,4015,2281,0,205,3456,3814,8133,1880,478,311,161,156,7,73,171,2198,398,191,365,1711,330,190,112,19548,140,148,300,513,20,302,408,219,132,9,25,41,38,17,32,41,22,54,4160,256,3156,176,96,2748,485,598,465,792,866,9060,401,413,318,88,940,1057,1357,562,692,1149,2227,232,334,65,527,882,433,434,672,37,15,31,105,172,574,358,504,40,120,106,42,85,143,114,6,43,28,58,41,11,34,95,72,47,21,32,55,24,81,188,56,65,40
DT3,1,0,1,0,0,0,0,0,0,0,2,629,972,378,459,1299,505,2215,487,889,1374,2550,1741,2393,514,445,441,216,468,3055,286,708,325,344,2452,464,535,13175,1858,3733,4400,4837,681,654,435,110,292,94,111,311,258,212,0,136,200,455,163,11610,4317,2824,3717,405,294,784,7560,1039,686,1628,1317,423,314,153,1070,213,57,130,89,5,43,125,48,18,215,8,4,5,8,313,895,333,263,1501,869,1781,801,343,2143,736,853,357,598,603,3344,1244,4096,1998,851,10,35,167,126,184,531,2290,17,20,16,10,20255,35,31,1317,21,7,3,6,0,1,1,7,60,78,126,59,51,77,39,9,39,87,45,15,17,45,37,25,48,23,27,39,6,12,64,59,31,15
DT30,0,0,0,0,0,3,0,0,0,0,0,5254,2653,413,301,1273,217,315,53,139,354,977,701,1607,352,295,805,106,965,2116,496,815,1336,826,3102,7112,2607,1085,279,360,4935,6042,101,2669,7476,5181,3783,3262,3262,4905,5238,4559,142,0,3049,6818,1684,515,372,324,183,8,53,147,2116,338,174,352,1716,194,165,87,16590,57,193,355,514,26,75,394,156,101,3,26,26,17,12,21,36,14,30,3789,289,3554,287,46,2831,383,490,187,516,299,9533,668,565,562,118,528,594,682,359,689,902,2027,191,388,53,589,980,473,363,687,8,10,51,44,98,458,188,271,3,7,70,13,60,28,23,19,1,2,43,5,12,15,25,20,28,7,35,50,62,10,88,40,10,4
DT31,2,0,0,0,1,1,1,0,0,0,0,6284,3042,303,471,1226,204,313,94,173,396,935,963,1314,606,453,560,189,928,1972,714,1062,1356,1229,2578,6906,3107,1772,218,305,3476,5936,111,2690,7652,5109,3724,2715,3116,5254,5133,5429,227,2692,0,11402,2695,840,505,291,181,16,56,120,2593,281,113,332,2369,401,163,138,33234,142,97,527,630,129,235,379,268,99,5,25,17,4,22,41,30,5,67,4936,580,3657,319,40,4176,681,871,309,285,136,8801,655,706,395,112,729,781,363,301,792,1665,2477,128,320,82,617,1200,424,341,616,17,27,81,121,234,574,222,188,16,4,20,0,13,9,24,4,0,1,20,28,2,2,8,6,46,6,5,6,21,8,69,54,41,9
DT33,1,1,0,0,3,2,5,0,0,0,0,10527,6806,765,873,2642,356,755,142,333,694,1852,1907,3903,1277,808,1384,383,1548,4356,1202,2094,2245,1971,5130,38471,7299,3115,542,753,7551,12075,362,5347,16213,12272,6928,5827,6254,11396,12796,9921,503,7293,10302,0,5896,1635,1176,577,446,22,42,117,5115,369,133,313,4642,198,280,92,66185,146,266,511,570,58,201,264,195,76,28,22,34,25,31,275,145,33,56,7600,395,7870,593,176,5903,641,566,236,244,171,17493,1511,1659,832,375,556,731,401,214,1379,2332,5172,615,889,74,1399,3125,641,695,1394,75,17,40,52,219,206,149,204,3,7,9,4,23,21,7,3,6,3,45,1,4,20,6,9,39,3,8,21,9,8,82,24,11,34
DT34,0,0,0,0,0,0,2,0,0,0,0,2115,990,282,296,624,114,114,11,73,226,272,367,399,141,62,226,72,197,627,186,275,302,465,673,16556,957,1130,115,125,1474,1686,98,895,2568,3123,1035,1147,1251,1749,2723,2166,196,1937,2803,5839,0,341,180,141,144,31,32,163,575,131,72,135,525,223,109,67,17631,26,47,233,155,38,70,92,176,12,23,6,1,2,11,94,226,147,190,826,153,896,148,17,2224,311,439,149,142,175,2664,195,242,227,83,368,291,215,117,281,688,1419,211,194,63,112,335,131,98,162,20,1,55,24,141,95,151,164,3,17,14,3,8,10,4,1,2,2,4,0,7,1,7,27,6,5,1,48,7,15,37,35,3,4
DT5,0,1,2,0,0,3,2,0,0,0,3,1141,1773,700,883,2806,1079,4105,898,833,1483,3025,1950,2884,599,482,640,555,720,5083,812,1141,893,786,5295,722,1006,48398,3919,9447,5862,6070,3696,1228,622,274,364,483,366,892,770,489,13209,495,801,1681,442,0,7224,4517,4973,1406,619,1424,14068,1688,936,1951,1884,613,387,268,2313,228,104,217,315,37,184,299,289,46,548,4,4,16,13,776,1860,467,611,2790,1847,2338,1525,722,4837,1842,2948,1642,2474,2300,7105,1837,13925,4603,1431,100,220,501,461,450,1141,4069,72,60,27,32,40160,68,75,2210,16,16,9,6,4,2,4,27,120,157,285,72,186,236,233,13,43,52,161,28,43,265,276,178,111,137,110,190,104,125,348,196,160,131
DT6,0,2,0,0,2,3,0,0,0,0,1,356,357,389,596,716,532,1366,350,211,676,950,566,546,185,140,195,259,348,2218,220,597,444,388,1840,255,290,15048,1651,4031,2861,2404,1329,446,307,72,135,195,79,269,334,311,4576,372,365,1237,206,9199,0,1270,1219,1070,432,695,5699,434,349,581,585,218,152,92,1302,57,16,91,141,7,71,222,142,59,435,9,11,13,29,481,1030,348,337,1017,864,732,506,177,2502,873,1649,1007,1833,1461,2316,653,4286,1526,818,110,199,441,294,147,421,1765,44,22,3,14,18441,25,49,832,11,3,13,4,6,5,1,16,138,279,284,22,119,163,111,12,1,3,62,14,92,194,242,140,137,101,68,103,63,50,117,118,139,48
DT7,0,0,0,0,2,1,0,0,0,0,0,294,605,290,496,531,368,1191,167,193,596,854,438,505,260,105,101,291,219,1705,229,363,443,412,1016,147,239,14984,989,2510,2866,2535,1301,416,167,52,95,92,62,271,446,200,3577,314,407,916,173,6185,2243,0,999,898,477,596,4344,418,297,788,466,304,135,96,1306,73,47,227,515,44,316,519,459,112,404,32,16,35,32,358,797,402,370,881,795,794,568,387,1777,671,935,598,1175,1115,1660,425,3258,1456,993,215,247,395,349,153,370,1172,12,15,25,8,15363,24,20,603,17,2,10,5,17,7,8,64,67,242,178,10,106,97,91,3,18,2,50,6,39,96,133,84,78,65,20,21,53,56,149,74,68,38
DT8,0,0,1,0,0,4,0,0,0,1,0,153,209,285,566,981,425,911,119,164,1065,1047,379,346,312,111,87,237,143,1046,154,468,495,359,464,106,90,14332,859,1824,2325,1850,1338,333,140,55,42,118,26,59,145,154,4062,240,204,514,129,5776,2390,1848,0,777,327,364,4042,343,201,726,556,396,217,180,761,70,60,286,363,95,611,575,470,31,289,3,6,11,34,573,677,401,264,756,653,589,531,332,1738,999,950,895,1395,1343,1142,408,2153,1003,986,345,250,384,191,151,177,1686,3,6,53,4,12544,19,4,574,2,0,18,3,6,6,16,63,86,131,230,54,125,83,113,1,0,4,44,0,1,187,64,155,54,32,3,147,50,51,216,83,116,29
EW1,13,14,3,1,21,26,17,8,0,6,7,2135,4014,541,676,1655,306,585,673,317,515,5368,1552,2788,645,538,1006,238,1210,4376,1209,2999,2869,2585,3229,7765,9294,2694,705,1402,1080,202,447,94,93,40,32,75,73,53,45,28,423,20,41,32,39,1234,1220,636,576,0,9811,12890,30137,19750,20543,19137,8885,8709,6048,2969,161724,3035,2419,7550,8434,906,3242,5684,3913,1958,39236,181,586,357,434,29377,57752,12248,16862,36085,15415,5596,407,68,2434,205,291,49,190,155,2103,786,1943,863,321,660,691,569,173,754,1573,3579,950,2926,1567,6281,2203,16400,11090,6190,991,1643,871,1240,679,530,331,539,3,4,10,0,15,16,3,4,0,0,43,4,0,3,7,12,12,3,9,7,4,4,19,17,8,3
EW10,4,6,7,1,33,44,35,14,0,3,4,851,1303,219,217,469,76,415,33,269,233,2186,1097,1000,408,453,353,130,67,1477,113,632,291,392,3537,1919,8109,2977,550,533,664,256,138,136,22,60,12,35,21,275,546,71,289,65,79,72,20,842,481,596,427,8515,0,4338,15273,10317,11504,8920,3441,6541,3548,2916,9483,2606,942,7683,7635,1099,4143,7106,3675,2616,4782,490,545,840,749,6339,14864,2796,5053,21234,13375,3668,62,22,1678,249,440,246,443,451,1677,151,880,469,107,1968,1662,2164,1113,678,2006,1511,420,975,1464,1661,1055,8615,4588,2797,966,523,856,1275,1250,1074,787,1836,25,19,47,10,18,40,8,3,29,19,175,1,30,21,55,15,30,12,23,26,8,9,65,27,45,10
EW11,19,12,5,4,56,102,57,11,3,3,7,1346,2125,570,398,611,45,385,54,393,410,3698,1045,989,447,370,399,255,72,1336,52,662,360,543,2646,1838,7921,7316,985,869,1071,450,341,185,73,64,8,44,86,405,553,219,1199,175,174,195,164,1649,734,533,398,16070,6926,0,19676,13252,14654,11516,3910,10484,5424,3247,17886,5269,1857,10926,11270,2419,9308,11400,6846,2966,8127,593,719,895,972,9990,20437,5487,8429,16159,12846,3443,196,82,2886,570,1509,741,1785,1353,1817,341,1278,579,313,6707,5823,7382,4274,2326,6898,4125,2144,4361,3755,2868,2570,8219,4738,2477,647,455,2539,3171,3316,969,2267,3807,124,233,240,36,195,164,179,1,9,12,103,30,58,142,293,111,138,153,61,75,92,52,364,119,79,64
EW12/DT14,12,23,11,7,92,96,49,13,3,7,6,4542,4144,1072,1372,1680,319,4151,412,1716,2239,8395,1994,4437,1330,591,887,779,1037,12717,977,3517,2185,1295,26713,2861,10479,41212,6784,7335,17618,9040,2201,3378,1274,916,559,874,610,1977,3057,1767,8076,1551,1988,3683,614,12648,6305,3858,4124,30581,20210,27669,591,30466,35789,30195,9462,21878,10636,7917,35490,9537,3608,19743,21544,4413,16130,21038,12713,3931,14853,696,1026,801,829,13692,40914,10990,16750,30781,28634,10577,3319,875,14814,6006,13261,5723,11053,9297,17443,1695,11209,7001,5204,9849,7997,11650,6770,3621,12156,7994,3821,8630,6094,4428,65616,18302,14005,8290,763,1159,4835,3138,4283,836,3095,6122,1058,1545,1086,260,1015,1036,936,41,36,34,577,276,251,1053,1367,733,906,540,362,770,511,497,1461,731,438,279
EW13/NS25,19,41,9,13,176,229,73,10,3,9,6,2045,2120,483,1166,1301,63,444,324,325,771,7671,1255,1911,779,484,599,674,76,611,170,492,340,451,4245,1216,5352,4608,303,1162,370,244,475,171,84,117,54,81,117,611,1027,452,1213,247,333,320,100,1974,657,377,527,21973,9554,14166,27689,0,50434,28794,7786,21461,10906,8219,24109,8585,3466,20849,17513,4502,15413,18380,11613,3157,10301,447,716,442,595,9129,25787,7727,11607,13071,17847,5533,2625,561,8605,4518,8056,3831,7448,5881,3815,1005,3118,4739,4402,18119,16285,25121,16629,9448,30800,20476,10715,27603,7008,13796,11366,26771,18428,12085,4145,1681,6109,5874,7671,2405,7014,10587,485,969,846,228,703,644,607,12,37,117,362,113,305,614,904,577,618,195,178,487,258,212,1226,528,550,160
EW14/NS26,26,36,41,3,565,378,54,17,3,7,3,1698,1785,1444,2502,1622,60,240,525,658,878,8229,848,1174,481,331,353,635,163,1023,257,1047,751,858,2487,712,2316,3861,294,1036,78,57,242,105,74,81,45,41,38,210,484,252,1005,166,119,105,39,1111,650,168,296,25943,10999,15340,26675,35275,0,29484,7837,31650,14771,11899,19196,12307,4895,21712,14101,5887,15908,16605,11555,1968,12674,131,272,273,493,12402,23416,11335,11661,14204,20174,4547,4022,1136,12898,6785,10972,6707,11382,10552,2252,676,3330,5777,6229,19606,18289,26401,17997,11630,29796,26874,11672,26707,8027,17677,16716,29151,22681,13363,2247,1196,6528,8157,9190,3974,6065,9451,993,1418,1316,347,1441,1256,745,8,9,13,485,301,399,1142,1552,1035,889,480,403,934,485,436,1713,927,645,481
EW15,31,117,23,23,955,940,329,82,8,8,46,2377,3963,1261,1573,1364,93,789,241,1166,1313,10473,1851,2116,807,420,498,571,66,1272,179,575,668,730,1517,1046,2421,7570,1336,1218,155,96,694,442,92,152,52,263,177,476,1027,436,2170,448,519,696,81,2049,1001,596,940,22904,8914,13345,23869,21722,33154,0,9190,39607,17494,13832,23566,15810,5490,24881,19195,7756,19108,21284,14830,2997,11594,335,341,725,605,8927,22459,7945,10972,13501,15923,4369,4045,1030,13225,5746,13265,6033,11702,9865,3924,1488,3010,5111,5749,14953,14148,19668,13632,7238,22225,18501,7336,18460,11673,10053,5673,15049,11980,7701,1398,583,8178,12579,11908,3614,6220,7932,784,1317,1431,377,1235,1259,886,38,33,47,466,405,389,888,1657,733,760,490,214,590,482,345,1456,919,682,333
EW16/NE3,19,25,41,18,430,509,127,19,2,7,13,2041,4698,653,896,854,110,511,381,422,644,4544,1175,2259,1644,678,740,1142,284,1130,179,767,908,734,1591,612,2228,7975,1155,487,1323,842,661,1104,422,1040,313,1428,1176,1902,2788,2283,1781,2174,2610,6267,694,1759,675,370,708,10181,3650,3627,5894,3971,4924,5947,1331,8776,5682,4779,12655,5802,2586,16282,12573,3855,11371,14228,8553,2012,5038,428,511,742,1108,3254,11569,2811,4627,5600,6480,26730,6881,2722,24052,10177,18962,9228,17696,14182,17276,3354,14616,12443,13574,7857,6726,9236,5872,2771,7167,5958,2952,5815,7698,2395,1150,3672,2145,9948,198,1160,5786,7412,7171,5697,3990,4759,1294,2142,1661,371,1643,1586,1318,9,45,92,766,326,549,1784,1840,1379,1127,694,452,1162,460,370,2530,1075,728,462
EW17,115,192,150,183,482,560,807,225,117,67,77,2055,3439,542,522,1488,273,996,299,731,1820,14068,3549,4249,1112,668,652,263,118,1766,208,1027,663,667,3667,1799,5516,1593,282,946,600,505,226,270,312,253,227,371,278,655,1162,426,413,240,483,477,225,687,313,329,654,10336,5505,10356,23326,21520,31128,40535,9941,0,28474,18177,12112,17637,5881,32597,28788,4231,14868,20307,11077,4869,4879,918,1055,896,728,6215,14899,3173,6227,14486,10944,9927,2005,648,5795,2646,4773,1901,3619,3179,7921,1942,4031,4196,3379,4868,3970,6425,3658,3880,7424,5669,2736,8032,8756,6422,1633,8880,5918,5567,2018,689,6547,9191,7235,3521,3200,5467,232,333,484,117,287,359,267,28,13,32,160,71,119,212,404,193,177,194,87,198,136,132,680,300,182,72
EW18,133,347,197,149,495,1238,798,172,58,132,58,880,1420,322,440,1159,550,546,110,471,882,7996,2079,2332,512,339,73,41,28,932,116,511,409,367,1376,801,2420,1080,121,433,375,184,161,109,114,58,118,201,141,361,560,265,425,317,324,532,103,313,152,171,326,7338,3195,5281,8962,10029,12158,15125,5028,27593,0,7322,9065,8097,3790,23786,19334,3875,12468,16732,9702,3327,3770,641,682,501,691,3093,8908,2272,4127,6744,5943,3567,1206,339,4265,1713,3250,1729,3404,2380,3228,897,2226,2682,2364,6274,4120,4233,2217,1654,4076,3470,1294,3748,8019,3044,590,3833,3062,2604,999,253,5709,9912,7230,2905,3521,5258,249,436,343,68,215,306,307,3,16,17,210,68,96,331,485,260,112,103,59,233,108,107,368,189,220,100
EW19,181,299,194,182,303,532,340,134,66,52,119,571,1085,208,461,907,511,414,69,259,1034,8882,2469,3470,379,203,89,64,35,690,76,358,205,277,1170,529,1489,742,103,321,241,126,103,228,153,81,69,113,80,244,681,116,158,98,125,156,34,305,113,108,284,3236,2072,3383,7782,8176,10155,11987,4090,21840,6378,0,4702,11801,2790,22497,17753,2648,7641,12564,6818,2360,1532,408,436,439,872,1991,3331,939,2217,3990,3874,3136,978,282,2418,799,1514,734,1371,1358,3168,1018,2246,2546,1621,3810,2604,2327,1012,831,2205,2517,535,1557,5590,2205,593,3424,2017,2058,824,134,4519,6951,5477,5471,2434,3691,133,138,200,30,111,108,133,2,99,88,122,22,25,77,109,97,66,55,58,74,60,27,425,132,55,34
EW2/DT32,3,16,7,4,26,39,37,6,3,5,5,17494,9243,1114,1791,4049,802,1279,491,629,1095,6622,2916,5381,1604,1047,2175,623,1999,6867,1895,3606,5295,4522,9307,47964,15574,6874,1079,1596,11432,12830,597,7650,19774,13661,8721,9178,9312,17435,24292,21444,1156,18253,26066,59896,20925,2691,2108,1045,1099,158439,11017,16773,38316,25063,20422,23386,14342,11777,8508,5332,48,4805,3033,10634,13590,1538,5469,8667,6186,3845,78971,505,879,625,699,38865,59478,17658,21395,47633,22867,12111,977,245,12417,1730,1514,368,733,494,27317,2076,2829,2041,570,1138,1733,1083,495,2151,5827,9839,1234,3576,2293,8612,4290,19598,14190,6125,432,583,1688,1571,1279,631,588,770,19,19,43,13,73,75,45,1,29,14,58,9,25,14,64,38,27,15,38,45,40,21,215,99,44,60
EW20,197,370,239,145,634,970,765,141,112,97,159,649,767,154,363,762,562,429,133,468,608,7440,2011,4014,653,675,133,141,16,426,47,244,193,160,1373,633,2061,799,62,199,221,183,92,208,92,91,29,219,76,271,350,169,240,59,135,235,5,242,61,70,82,3317,1937,4357,8231,7456,9260,11934,4537,16489,6542,8391,4414,0,2187,29031,24379,2985,13721,18608,10758,4130,1634,878,932,737,553,1645,4326,1042,2410,4439,3418,1967,607,122,2442,726,1387,771,1402,1117,4074,833,1611,1841,1327,6238,3675,2597,1073,679,1658,2579,329,1182,8265,1851,517,2087,1527,1784,708,213,7008,10270,8419,3336,3554,5543,158,131,127,19,131,142,114,14,4,5,94,26,61,59,175,67,58,76,78,126,63,21,185,95,75,59
EW22,209,293,282,231,655,594,280,160,108,90,158,487,460,276,316,853,822,426,50,475,429,2785,858,1171,136,222,131,368,18,256,23,168,170,190,360,291,891,524,86,155,116,118,66,89,31,76,17,76,24,152,215,177,55,229,94,607,42,42,13,36,48,2911,993,1893,3441,3685,4500,4814,2121,6399,4375,4158,3019,2559,0,8798,15022,2060,7020,10558,6233,1457,1105,311,314,133,133,1117,2718,758,1256,1822,1543,862,334,83,2586,591,1243,680,1187,919,1341,311,654,941,679,4375,2686,2339,1297,579,1202,1938,298,632,4118,652,499,847,530,616,376,170,4225,6667,5359,1495,2446,3047,95,207,131,29,124,179,91,1,0,2,15,13,27,137,205,113,113,38,20,88,108,76,59,132,103,13
EW23,902,1680,950,813,1997,2779,2085,612,334,149,410,2595,4816,1368,1571,4569,3251,2611,287,2306,3517,27596,9506,11843,1039,2011,1124,1714,65,1452,291,941,604,742,2927,1418,4914,1698,661,1275,492,411,63,441,321,208,176,393,175,1078,1450,370,119,395,584,686,157,327,93,189,372,8529,6559,11645,20085,21986,21467,24958,15450,32699,23450,25376,11500,29792,9974,0,94192,8253,38194,71903,44303,16105,3647,2705,3328,2950,2471,4973,10804,2985,6807,11062,10360,7925,1690,694,10435,2268,4498,2037,3702,3282,10977,2296,5843,6868,3681,22594,14312,13960,5449,3601,7407,8823,1715,4271,18418,4847,3056,7716,4495,4530,1516,989,23331,36964,29088,13075,12311,17908,310,340,411,139,429,359,293,46,45,63,338,102,144,255,406,333,244,121,109,243,252,206,562,252,271,167
EW24/NS1,5968,7848,5230,4691,6319,9571,6244,2864,2648,4042,4200,4088,6220,1131,1673,4878,4613,3437,511,2523,5123,29866,9075,12436,1700,3322,2311,2150,144,1484,401,971,1054,1014,4025,1619,5952,11031,540,1823,580,387,22,1129,590,549,242,624,330,1355,2013,618,111,461,570,835,155,336,179,526,607,9198,7297,13142,24968,20936,18677,23743,17396,29996,22914,22241,14517,28205,18041,103178,0,15086,91211,144984,83205,32945,4555,5686,6701,6841,4777,5665,12514,3162,7839,12473,12804,11265,2607,563,13136,3448,6407,2978,4782,5490,12614,3197,10062,8877,4613,58032,40570,45814,24889,13827,22466,12792,2906,6909,105004,6990,3659,11866,8546,6012,1570,657,75974,125129,91180,31275,37421,55866,317,483,731,131,573,544,534,20,109,285,395,148,276,346,654,573,400,264,135,424,83,167,545,326,313,146
EW25,111,91,67,33,133,329,80,19,13,61,65,631,989,61,213,643,575,448,90,344,834,4190,1335,1468,302,748,600,246,22,276,73,183,145,74,667,336,870,123,136,235,63,64,0,154,57,28,84,41,73,168,229,24,8,23,124,50,44,39,14,38,124,753,915,1957,4356,4118,4105,5016,2885,4093,3029,2697,1383,2691,1731,8387,14218,0,6178,17477,9957,10701,441,3062,2606,2306,1264,757,1319,345,813,2225,1633,2243,299,51,1276,382,572,215,348,460,2297,827,1181,1008,511,2812,2138,1859,837,784,1369,1313,172,568,2091,1152,582,1887,1324,1032,270,95,1848,4001,3263,1437,1347,2247,42,14,33,8,15,54,51,2,2,2,34,18,26,49,38,28,43,9,34,32,29,3,46,34,11,14
EW26,603,717,607,265,661,1312,742,209,207,358,461,1691,3218,392,738,2902,1487,1762,279,1025,2371,13306,4852,6658,1232,2733,1462,895,86,1114,233,811,517,255,2951,1033,3212,710,475,919,401,230,14,479,351,248,126,317,191,735,967,270,75,84,190,257,89,214,52,224,491,3218,3206,7222,14474,13823,11803,14372,8987,13213,9920,8044,5330,10847,6151,36062,84360,6816,0,47829,32269,31977,1671,8454,7800,7492,4697,2647,5228,1343,3100,6264,5941,8332,1097,186,5336,1060,2472,753,1679,1616,8414,2112,4401,3978,2110,11280,8484,8962,4604,4063,5402,5397,725,2599,15387,3604,2238,7809,5496,3912,1047,446,10946,17294,12858,9297,8008,11241,99,194,195,58,190,213,106,4,41,24,108,62,49,138,163,83,184,55,37,82,48,53,240,116,103,67
EW27,1320,1687,1046,674,980,1776,1681,574,607,821,1179,3002,5448,893,1446,4556,3485,2888,475,1981,3803,21951,7899,13812,2128,4934,3294,1775,124,2395,439,964,785,765,5200,1322,5798,2288,636,1775,640,383,21,677,660,339,166,402,286,1255,2002,556,99,430,388,499,108,382,251,496,765,6792,6233,12604,24627,21708,17313,22512,15504,21865,17178,15205,10330,20350,11429,81385,165786,22491,67190,0,57451,78403,3047,18280,21762,19062,14253,5134,10014,2353,6463,11282,10561,14650,2038,459,9131,2322,4682,2101,3394,3124,14157,3166,8788,7286,3756,21273,14569,16964,8271,6814,9803,9482,1754,4634,33800,5882,3287,12498,9035,6525,1291,618,20324,23399,22686,15016,13888,20517,191,385,403,150,389,286,392,39,142,33,311,70,80,204,491,170,321,177,91,312,194,34,314,206,128,197
EW28,589,750,870,266,379,629,743,337,252,616,449,1176,2435,505,561,1636,1829,1361,161,797,1197,8056,3106,4703,883,1712,1286,743,77,824,150,496,352,446,2218,463,3324,1007,238,623,138,94,8,288,260,186,154,193,64,524,989,175,20,230,241,262,99,236,122,313,377,3213,2818,4699,9091,8504,6333,8354,5067,8010,6038,5406,4652,6794,4189,33577,63891,11547,32188,48936,0,35320,1500,9040,12264,10647,6244,2786,3995,1182,2667,4237,4668,5628,1128,243,4681,1017,2387,1044,1561,1198,5013,1077,5022,4121,1763,9176,7451,7132,3280,2729,4005,3689,659,1805,14603,2181,1161,3958,3269,2538,666,580,7674,9714,8679,6358,5726,8104,139,171,215,35,111,143,115,3,160,108,240,56,58,119,227,117,378,60,41,75,64,36,231,81,231,43
EW29,888,1247,930,703,867,1094,676,467,284,575,554,666,846,351,293,1153,1521,689,5,408,346,2254,633,434,280,674,123,661,30,39,25,157,230,155,681,184,921,559,148,343,25,24,4,126,33,141,17,123,33,232,597,135,12,151,159,151,33,58,56,82,52,2139,2046,3300,2578,3213,1683,2083,1913,4733,3027,3063,4004,3757,1461,15477,24482,17838,44855,70161,48312,0,958,5021,6148,4311,4843,1479,3062,796,2232,1851,3751,1160,615,121,3400,755,1800,981,1243,1397,1791,392,5171,3430,1053,10155,7345,7190,4080,1701,3624,2646,516,1102,15030,990,391,914,514,622,157,188,9154,12921,11629,5628,6487,7784,102,248,201,108,165,232,208,5,549,106,381,58,64,200,240,234,136,69,75,99,37,94,264,210,85,82
EW3,3,3,0,2,65,29,15,12,0,0,7,1651,2884,371,529,1211,373,394,652,140,377,2847,982,1726,416,339,538,95,483,2382,625,1404,1897,1429,1996,2240,10389,1875,477,760,1073,255,225,92,61,76,27,41,69,49,31,15,218,3,13,15,13,535,587,286,396,39042,6483,7521,15725,10335,13153,11035,5396,5042,3342,1918,74853,1971,1079,3843,4734,616,1968,3045,2194,1027,0,159,156,227,131,13014,27740,10144,11564,20856,9898,2961,481,102,3754,670,782,235,294,371,1607,534,1338,790,286,831,893,936,293,1080,2007,3091,932,1801,1121,3474,1244,8197,5876,2908,544,223,730,797,776,439,584,481,4,6,43,8,14,49,53,7,5,15,32,17,8,11,17,45,8,31,27,35,56,12,175,62,42,22
EW30,329,183,99,70,125,226,66,23,132,92,127,153,197,27,65,138,220,70,3,68,50,331,32,75,24,65,19,77,1,4,2,7,4,64,118,12,179,123,25,73,5,2,0,3,15,13,8,51,2,43,126,37,1,10,45,34,4,4,0,3,1,207,403,540,472,244,76,201,375,661,684,488,415,810,201,2297,3259,3697,8765,13298,10588,4068,114,0,291,383,1218,222,432,89,293,339,797,183,109,23,519,156,198,167,140,237,274,21,888,832,206,2183,1321,1314,681,223,735,303,141,151,2398,118,128,66,41,41,6,22,1968,2134,2018,1044,1262,1629,2,10,17,23,50,22,56,0,24,3,52,8,14,1,8,29,52,5,0,2,0,2,28,1,16,16
EW31,149,158,130,59,179,133,51,57,7,133,81,116,137,67,26,223,170,52,3,68,58,376,52,34,20,82,13,49,1,2,5,2,7,33,88,23,155,148,28,84,1,2,0,10,1,20,4,10,3,37,75,43,2,17,11,55,0,4,1,17,2,454,486,738,822,387,128,166,457,944,610,426,488,819,262,2833,4028,3271,8970,14513,13042,4558,81,323,0,341,692,350,694,143,407,375,771,133,80,18,448,132,270,187,168,205,333,35,810,974,137,1751,1383,1008,468,189,560,381,81,69,2366,91,68,93,198,23,7,44,1587,2569,1603,1150,1397,1403,1,25,60,1,28,41,33,0,90,9,42,31,7,25,2,1,15,33,0,0,5,13,33,23,2,1
EW32,160,134,84,95,166,192,116,39,98,159,128,161,267,90,37,224,375,127,8,91,30,383,256,146,34,110,12,167,0,23,16,20,12,55,403,98,730,156,93,47,6,2,0,3,28,43,11,29,12,95,155,31,4,12,18,22,5,15,26,59,11,441,672,827,788,469,266,661,807,919,500,482,611,662,91,2632,5630,3568,9109,17607,13013,5405,310,632,600,0,659,338,547,288,590,679,1197,348,284,232,439,166,300,259,164,422,791,32,1869,1773,269,1724,1423,913,567,207,641,370,118,189,2728,239,69,151,67,38,40,54,1646,2304,2179,1456,1265,1254,9,44,3,21,46,2,15,1,13,59,63,18,17,4,18,16,2,3,0,20,1,15,28,12,73,12
EW33,97,78,61,62,103,84,43,33,15,110,49,191,333,184,13,173,268,203,3,84,66,410,267,66,66,123,52,86,6,122,10,22,77,39,337,101,841,103,54,84,23,1,1,25,53,61,12,117,14,149,288,10,9,26,18,30,21,21,21,83,68,429,622,963,686,455,516,521,1037,631,564,1032,559,591,164,2307,4795,1846,5600,13248,7509,6057,208,1568,1252,963,0,505,499,138,505,540,1493,251,223,142,541,244,155,138,204,341,627,55,2430,1838,263,1328,850,1094,633,353,575,345,98,190,1989,426,100,250,111,107,95,82,1442,1488,1299,1166,1154,1218,9,3,9,11,20,24,5,0,46,15,111,0,15,11,39,20,36,3,1,14,13,2,27,19,13,30
EW4,6,2,2,2,75,42,8,1,3,3,3,1568,2624,537,549,1452,382,288,514,207,418,2228,719,1124,276,152,379,181,463,1564,458,1106,1247,1019,1674,10049,22092,3790,529,721,1051,299,259,250,77,214,58,193,78,170,156,14,344,13,65,234,70,800,481,332,525,30693,7221,6913,11325,7674,9495,7008,3244,4953,2596,1969,34618,1550,830,4128,4083,867,2880,4185,3068,1534,12785,223,422,195,269,0,12854,5387,6559,16054,10777,2542,510,229,4357,640,989,581,704,642,1693,366,1228,775,203,2183,2165,1681,1282,989,2319,3694,1037,1770,1379,2651,827,6075,3782,2630,685,333,964,1289,1399,774,630,816,32,34,39,0,53,88,89,15,16,30,75,1,16,12,77,43,20,25,14,39,81,14,128,137,40,11
EW5,13,10,6,8,96,44,32,6,1,20,3,5556,7382,1061,1250,3623,741,770,1120,484,820,5681,2287,3430,775,749,963,359,1688,5470,1701,4076,3016,2353,6514,15216,29157,5513,815,1542,1823,820,437,541,190,416,290,496,318,520,204,64,904,34,28,206,196,1851,1228,623,788,56457,15817,19240,42194,24699,24404,21948,12052,13526,7556,3779,62678,4495,2640,9898,11717,1501,5038,8541,5280,3299,30831,566,790,590,692,18348,0,16638,18356,47775,23720,7441,1064,217,9864,1604,2358,1470,3134,3224,5204,963,2147,1736,835,4594,4919,6013,2948,2787,5607,7899,2344,4367,2593,8476,2839,21112,13638,7044,1506,653,1664,2463,2061,1309,1528,2195,74,135,125,75,383,300,313,38,39,20,378,98,119,74,295,188,217,40,155,193,214,103,649,278,323,118
EW6,2,3,1,1,16,29,10,8,2,0,1,1462,1781,537,663,1348,226,446,735,223,490,2308,957,1340,248,234,392,69,550,2349,484,1613,1131,894,2021,3235,4644,2191,448,672,1124,508,131,416,121,158,52,205,88,188,159,30,500,14,28,87,79,784,527,457,474,11995,3733,5473,13824,9221,11279,8097,3506,4264,2666,1408,17374,1803,921,3349,3480,580,2102,2271,1742,786,7139,180,160,110,108,4573,29876,0,5690,22221,6262,2258,452,168,3332,479,824,818,1647,1501,1972,331,975,578,209,1931,1774,2255,1400,1000,1693,3343,708,1319,872,2821,1091,7856,4160,2830,696,86,719,817,955,585,698,1058,100,106,149,24,202,246,133,14,20,21,110,51,140,109,150,156,94,37,80,82,95,93,169,139,112,41
EW7,4,6,10,3,61,45,15,14,1,1,1,1138,2167,440,447,1329,224,333,463,257,590,3019,746,1119,295,250,298,139,853,2088,586,1817,959,1344,2903,4136,11570,2321,349,568,802,326,207,441,146,161,140,202,201,160,154,77,378,46,50,128,68,823,352,368,405,20061,5229,9300,20432,13439,12889,12331,5193,7971,4749,3053,21950,3178,1242,8112,8575,1040,4850,7435,4550,2332,14153,550,500,761,596,8968,21283,8341,0,32363,9567,2987,360,231,3704,603,981,828,1973,2167,2672,395,926,797,221,2293,2287,2625,1638,1047,1818,3147,780,1176,1455,2964,940,8666,5934,3041,517,338,1104,1685,1380,733,660,1274,92,267,108,45,186,125,255,6,60,63,226,36,130,165,261,131,90,98,180,128,128,107,192,149,255,36
EW8/CC9,19,31,11,8,132,101,35,22,5,8,10,24100,23830,6469,5426,9862,2472,2379,3600,1871,2917,5911,4317,5965,1870,1064,1669,765,4538,9880,4040,11766,14570,19605,10815,5849,11585,9342,1386,1856,4213,2474,609,2119,980,2030,1202,3564,1872,5782,8339,3964,1756,3489,5060,8402,1220,3116,1356,1035,1161,34552,18558,17204,31963,13160,18189,16419,8461,13485,7376,4415,43358,5036,2322,11549,12126,2352,7184,10536,6636,2306,18864,456,637,621,775,16270,44723,18080,29168,7065,30886,6011,2981,696,36579,6683,14740,7020,15589,14209,7010,1127,2657,3062,2096,12638,12010,18770,12014,6728,14419,23787,4366,6128,3845,5864,2650,14433,8189,8700,1343,1019,2468,3852,4159,2717,4609,8153,1346,1632,1744,372,1629,1438,1293,60,240,170,1102,475,537,1474,2385,974,1082,628,449,997,1015,559,2268,1089,1110,486
EW9,5,15,10,5,53,66,27,9,1,1,5,1433,2440,734,846,2529,685,774,206,378,653,4218,1149,1646,927,660,585,288,262,2121,307,1264,1088,1336,5384,3785,10595,5546,1082,1010,1304,524,373,482,74,167,53,203,112,898,1707,333,1009,250,648,534,189,1804,932,843,663,17379,8298,9242,24469,16009,18482,13922,6136,10335,5297,4122,24402,3910,1411,10022,11682,1758,6329,10585,5717,3540,10379,903,1124,1206,1085,11744,26759,6085,11912,30233,0,6139,299,65,5864,790,1978,973,2202,2226,4483,436,1591,1089,233,4360,4282,5432,3100,2321,5337,4413,1307,2337,2990,3867,1760,13041,7674,4374,1092,883,1624,2850,2170,1952,1512,3288,158,179,142,57,305,206,309,20,275,147,603,53,131,227,269,222,138,47,169,170,83,103,440,176,146,222
NE1/CC29,10,9,21,8,287,190,116,10,2,9,10,3956,2321,1077,1365,3640,1696,2139,1505,2660,6388,10043,7255,15980,13962,11472,9925,12276,1614,3256,910,1267,908,1001,8541,943,1869,11790,1433,1857,3934,4068,670,2561,2179,2497,1328,2731,2637,3300,4255,3434,1785,3412,3476,8722,1133,2216,1005,704,827,6499,3188,3881,9346,4775,4957,6015,31561,7598,3882,3141,11288,2533,1238,8570,9915,2644,9154,13244,7796,1532,2897,318,325,282,384,3020,6947,1680,2702,5549,5903,1504,10338,4799,32014,14384,28131,12790,25177,20354,39948,11268,23113,18886,22486,9889,8894,12902,7960,3639,11315,9973,3900,9362,4425,4371,2533,11007,6514,21355,186,515,4071,6367,5822,2135,3847,6027,1850,2922,2153,736,2210,2349,1573,40,55,63,1069,461,870,2358,3193,1652,1642,1119,505,1250,1028,796,3742,1563,1483,855
NE10,0,0,0,0,5,1,4,0,0,0,0,1002,1388,1519,1688,1383,149,375,1218,444,627,1429,840,1348,880,515,878,625,1476,1788,152,744,569,729,1898,342,706,3777,622,1387,2385,2442,610,405,108,91,16,13,43,445,410,199,591,356,317,883,166,1390,444,574,432,362,74,204,3464,2519,3034,3061,6468,1633,917,888,1019,531,296,1742,2369,349,1416,2121,1452,697,422,151,144,264,413,605,1203,385,268,2906,333,9952,0,6115,34116,13775,19391,10732,20477,16791,12485,6277,10330,20062,16419,1146,1124,1276,684,631,1060,2898,215,227,316,593,1175,4167,3163,13852,63,139,292,270,439,440,354,638,1373,2273,1975,480,1951,1428,1324,79,440,298,1037,491,628,1801,2664,1567,1080,701,500,1192,849,456,2370,1247,835,636
NE11,0,0,0,0,0,1,0,1,0,0,0,119,390,467,752,500,58,106,329,435,178,306,191,248,188,126,188,159,383,288,35,217,109,221,311,124,84,1770,478,374,515,443,442,138,23,3,2,17,18,210,286,95,277,59,21,196,13,573,170,190,292,64,12,34,711,452,666,717,2348,484,310,316,255,140,90,579,398,115,157,387,329,116,113,121,21,128,169,180,223,172,155,760,101,4451,4229,0,9451,5938,7148,4553,8743,7971,4887,1872,4309,7574,3912,568,635,717,566,182,441,837,75,70,64,224,867,1367,1301,3741,74,26,69,103,306,641,214,302,559,961,653,206,927,688,695,24,362,194,793,204,254,729,1090,451,537,202,246,446,413,230,1020,406,432,288
NE12/CC13,4,3,0,7,30,57,55,3,1,6,3,20899,27603,22383,22434,16836,3887,6625,7375,6526,7365,18102,11104,20350,7362,3395,4949,2011,9192,13072,6263,8683,8673,10844,12119,5747,6120,8607,1390,4395,9541,10516,1342,2047,1411,1317,2456,1705,1579,4901,6162,3220,2215,2931,3752,6296,2467,4922,3159,2047,2570,2431,1627,3175,17326,9582,12222,12763,24587,5258,3673,2552,12976,2449,2718,10729,13562,1149,5016,8433,6174,3166,4160,542,497,542,522,5054,11403,2676,3430,45383,5977,33813,31674,10075,4625,35795,41640,22572,47692,40755,40877,20639,31438,37672,44163,8549,8921,13306,7342,6248,11232,42800,6566,10696,2054,17181,4275,20145,13352,36322,1225,351,1309,2084,2596,4447,3135,6307,2667,4717,3573,1117,4033,3835,3097,619,480,179,1688,946,1274,3551,4889,2485,2240,1589,1671,2849,1517,1033,5143,2427,2084,1017
NE13,1,3,0,0,1,8,12,1,0,0,2,2161,2641,2132,2382,2761,592,1020,2237,583,1272,2933,1680,3013,1141,979,1482,657,2106,2589,819,1174,1152,1608,3404,902,638,3377,806,1947,4660,4453,471,865,296,164,165,194,160,641,842,565,750,445,656,741,453,1795,991,639,976,230,239,596,6650,4841,5985,5213,10154,2092,1503,765,1537,619,587,2196,3227,391,1179,2033,1156,687,730,207,342,148,148,712,1546,437,562,7152,931,15275,13450,6266,38646,0,25776,18236,34477,27394,18010,9416,16328,16795,18649,1860,2110,2713,1299,1125,2311,7371,1197,1895,548,3479,1815,8429,5890,17958,164,126,383,364,588,680,668,1022,1571,3029,2642,818,2520,2582,2019,264,276,125,1104,505,1034,2390,2914,1061,782,864,1092,1933,1164,760,3924,1660,1558,902
NE14,1,5,1,2,20,20,9,2,0,1,0,5176,6669,1794,2252,3092,854,1086,4029,989,1487,4669,3503,5420,2565,1844,3022,989,4287,5104,1846,2399,2190,2439,7933,1727,861,4048,833,3862,6689,7771,685,1453,581,317,476,228,301,1027,747,578,751,508,786,650,527,2898,1573,774,842,250,374,1212,13691,8400,8959,11012,18032,3961,2833,1246,1346,1322,1055,3995,5960,392,2283,4031,2535,1473,670,272,306,224,200,1147,2501,565,756,14426,1722,28475,16919,6811,44190,27853,0,17894,41209,46700,28228,15680,24937,23927,27082,1598,1863,2305,1316,989,1722,9499,1728,3248,785,6052,2791,13983,10008,29503,224,322,409,469,648,713,551,767,1726,2682,2463,894,3411,4137,3612,714,314,425,2129,1022,1073,2278,3240,1083,613,322,1546,2313,1764,683,5183,2453,1819,1032
NE15,0,0,3,0,0,2,16,0,0,0,0,2178,3619,1139,1110,1606,439,629,2086,529,639,2604,1849,2698,1118,764,1901,313,2466,2815,1075,1091,1248,1365,3229,745,163,1615,511,1537,4261,3965,227,720,199,90,166,144,171,611,548,366,293,222,151,251,197,1501,893,415,663,78,183,549,6203,3885,4839,5061,7549,1608,1273,601,369,666,495,1834,2670,208,739,1547,840,660,295,139,113,138,129,412,1727,411,476,7648,653,13380,8725,4114,27037,18592,17748,0,26532,22456,12175,7623,12291,9781,12229,477,541,655,320,602,1324,5231,1007,1664,349,3452,1488,6363,5005,14053,112,107,188,196,124,275,102,180,572,991,1241,283,839,1798,1042,418,229,67,588,148,86,419,790,461,412,111,430,713,227,180,1232,627,225,198
NE16/STC,1,1,0,1,2,4,6,0,0,0,0,6892,10151,2377,2990,3966,1034,1497,4669,1137,1834,6190,4347,6544,3055,1708,3731,1037,4900,5821,2556,2693,3037,3327,7647,765,227,2623,1112,3863,8013,9826,551,1567,676,390,469,359,380,1953,1747,1016,598,652,264,388,201,2761,2440,1034,1569,173,474,1535,13893,8744,11563,11173,19198,3494,2731,1299,863,1351,1345,3864,5170,393,1753,3447,2020,1313,439,225,260,173,141,915,3743,1009,1607,18548,1978,30844,19688,9267,56946,39049,42687,27874,0,103198,28324,15596,26993,20641,29799,473,739,705,343,1391,2798,11247,2373,4237,400,8556,3461,15985,11407,31841,235,259,218,258,231,270,133,247,3110,4895,4805,1194,4893,8288,5809,1844,1443,610,3323,1632,1296,20099,21339,12014,15057,16548,7194,15781,8512,4029,27209,13976,9792,8903
NE17/PTC,1,3,1,0,2,15,12,3,0,0,2,5138,7880,1628,1871,3324,797,1081,2971,987,1308,4255,3598,4199,2204,1504,2719,771,3759,4545,1830,1708,2528,2783,5088,426,269,3508,855,2393,6180,7103,416,1148,426,235,324,221,452,1480,1718,921,638,492,103,221,205,2355,1546,869,1123,159,470,1106,10392,6123,8328,8487,13417,2649,1758,1308,652,1183,796,3150,5024,421,1583,2739,1436,1296,331,262,349,312,180,676,3492,733,1643,14474,2102,21611,15266,7503,44491,28554,47844,22633,101616,0,20287,11821,18941,16385,20787,1056,1076,1165,372,1751,3994,9406,1842,3612,605,6403,2442,12607,8058,21990,189,224,413,634,449,523,390,539,14323,20899,21081,5824,21114,28399,19914,5833,2059,2443,11062,4487,5828,3056,4375,1650,2971,3594,1472,4085,2048,1162,8591,4154,2657,2467
NE4/DT19,6,12,12,5,70,70,30,8,1,1,10,10286,4367,1095,1402,1458,146,1967,762,650,1043,3448,2087,3613,4493,2407,2207,2768,2706,9772,1489,1972,2168,1830,32103,2124,4264,20119,2432,4396,28215,18703,982,8597,8173,10214,4322,8260,6112,8260,9818,7941,3561,8651,7661,18239,3128,6328,1945,1321,1314,2673,1795,2433,16318,3201,3250,4103,22077,5627,3764,3734,23133,4856,1627,11610,11259,2654,9751,12863,6741,2464,1663,429,583,1053,754,1919,5481,1754,2429,6271,4489,44925,12328,5085,37515,16876,28380,11917,24097,20722,1296,8937,22917,20789,26392,9508,8866,12572,6950,3587,11274,7919,4304,10490,4859,4864,8179,10446,6902,18808,172,405,3146,2925,3238,1930,2963,5256,1522,2967,2120,521,1983,1740,1601,49,150,170,1645,458,939,1758,2752,1662,1558,883,551,1523,1003,755,3890,1565,987,737
NE5,1,3,1,1,16,6,6,6,0,1,1,644,731,588,888,537,37,637,450,288,451,1243,694,1405,1558,639,928,1122,871,937,321,562,482,490,2595,173,727,5632,659,625,2016,1739,492,196,243,244,171,289,274,580,618,553,1653,640,594,1773,278,2041,756,319,505,860,197,470,2291,1246,1085,2127,4846,1539,1093,929,2080,1105,386,2665,3045,970,2685,3221,1963,437,518,43,61,64,96,480,1260,450,445,1163,581,13325,6718,2147,18606,8689,15693,7698,13054,12038,9932,0,9327,10223,10790,3692,3055,5126,3431,1344,4951,3406,2243,4370,1058,2208,1393,4356,3361,11788,61,76,956,654,1057,271,1006,1997,921,1456,1393,368,1225,997,1082,22,15,22,536,185,329,1151,1821,999,896,484,323,676,511,372,1885,1036,567,420
NE7/DT12,1,2,7,2,5,14,12,2,1,1,1,1055,2510,773,1063,840,324,3477,768,1675,1641,3220,2199,2963,3552,2685,1948,1545,1140,3738,601,1908,1250,704,9015,471,3063,34875,5700,6863,5579,3916,1745,1484,338,175,135,282,297,751,882,373,4475,654,544,1668,298,13405,3643,3407,2017,2638,1163,1937,11397,3421,4877,3869,17091,3441,2180,2317,2380,1559,704,5853,8969,1262,4954,9314,5726,4482,1562,1085,1233,1476,1682,1909,2640,982,1091,3095,2210,22194,13793,5502,31422,16084,25355,12592,24819,19009,21539,8386,1239,28030,27630,1453,1575,1329,578,403,999,1083,227,631,913,594,44842,4694,4058,19991,482,808,1193,546,544,741,625,985,1589,2585,2241,574,1925,1493,1763,135,512,438,2750,464,641,1996,2820,2025,1676,1194,638,1271,930,683,3256,1358,1480,890
NE8,2,3,1,0,14,8,2,4,1,4,1,1626,5808,1388,1857,1596,214,1415,1716,1152,1084,2578,1960,3329,2534,1743,2431,1386,2555,3028,562,1618,926,803,5761,547,1625,10957,2128,2747,4284,4448,649,785,241,184,62,176,245,752,911,414,1996,585,459,888,256,4444,1788,1348,1128,854,422,767,8326,5000,6630,6248,16566,3874,2647,2484,2046,2000,967,6728,8201,984,4291,7687,4588,3192,842,992,1166,1380,1372,908,1731,565,751,3699,1130,23544,20273,8789,41223,19236,26719,10219,20982,17655,25572,11873,27159,0,49591,3985,5615,4244,2145,1659,4118,5272,1403,2363,1116,1344,8914,9769,6412,23028,456,775,1021,914,1091,1541,1537,3123,1152,2012,1884,619,1748,1526,1393,145,740,789,2318,340,724,1357,2356,1700,1420,972,637,981,792,688,2619,1190,1304,673
NE9,2,0,0,0,6,3,18,1,0,0,1,991,2594,1102,1252,1355,293,664,1330,570,859,2162,1607,2388,1606,1188,1848,924,2566,2820,339,960,276,436,4348,241,425,6936,930,1430,3333,3988,519,517,144,103,37,25,78,387,374,137,1057,126,109,420,97,1604,916,684,833,294,96,281,5046,4258,5380,4556,11629,2809,1708,1514,670,1433,501,3320,3998,546,2290,3239,2083,1128,282,230,149,232,282,182,922,176,228,1967,270,19208,20799,5201,40966,15915,22653,10997,22979,18215,25518,9867,15298,37499,0,2231,2498,1927,976,1068,2713,4281,601,588,676,985,3175,7239,4883,20507,143,156,403,314,491,420,718,1315,1249,2014,1774,618,1563,1732,1508,112,281,126,1552,458,533,1712,2951,1519,1408,961,624,1198,1055,535,2884,1406,1120,847
NS10,519,695,624,379,1053,1480,2708,470,75,106,116,4505,9032,853,1965,2142,559,1359,2194,727,1393,5170,2882,4836,1408,2291,1822,548,1037,1369,1096,1343,1469,1795,4008,1073,744,2650,11,54,30,55,2,96,55,79,537,375,632,1754,2061,860,8,409,398,513,285,70,82,181,354,591,1802,5139,8761,16286,16072,11727,6110,3895,4191,3287,720,3957,3001,15721,48612,1829,9541,15529,8849,7602,566,1710,1544,1284,1017,2047,4256,867,1474,10832,3916,8167,934,390,7724,1536,1492,433,335,929,8695,2825,1756,3866,1855,0,55630,80171,44642,31099,52648,23407,7711,26996,18168,24050,25614,28272,14454,10279,2676,624,9128,27051,23035,19349,56348,71771,22,11,77,40,74,95,148,20,27,58,215,25,25,6,53,14,26,21,31,13,9,7,35,21,30,7
NS11,394,706,637,444,818,1308,2421,464,169,116,232,5313,8296,1223,2047,1959,584,1319,1931,1316,1591,5011,3251,4895,1357,2122,2190,666,786,1522,961,1283,1433,1927,3295,1381,900,2327,25,53,27,65,3,103,63,122,787,479,491,2316,2115,1041,19,661,597,651,361,171,208,201,376,590,1757,4907,7883,16497,17078,11895,6104,3886,3353,2726,1356,2982,2276,12438,40937,1693,8552,13753,8235,6723,771,1072,1487,1377,743,2131,5146,998,1877,11476,4105,8464,1099,770,8796,2054,1987,524,606,1017,8875,2530,2073,6206,2153,57891,0,83754,50060,33923,61792,25260,9088,29575,15435,23166,29175,30705,14030,9495,2704,552,7920,22580,18930,17980,34385,68669,29,87,118,28,86,203,135,46,167,113,234,36,23,13,46,43,54,14,36,23,9,9,54,53,20,31
NS13,472,554,687,365,1269,1880,3486,526,63,132,164,8651,13633,1907,3080,3039,644,2166,2723,2358,2607,8353,5295,9137,3381,3429,3645,1230,1438,2211,1977,2300,2553,3259,6405,1098,794,1354,50,66,66,136,59,180,84,217,1025,482,840,2512,3358,1386,122,751,430,402,306,442,405,339,446,591,2190,7973,13525,26495,28658,19680,10820,6678,4333,2516,1001,2427,2165,13256,48504,1526,9640,16819,8832,7430,969,1520,1231,1136,1058,1981,6556,1450,2126,19001,5390,13222,1186,749,13612,2850,2664,592,617,1137,13362,4721,1240,4189,1982,83881,77239,0,35685,51401,88704,42857,16072,48684,19152,42597,46553,55808,25585,16805,4856,849,9391,28847,24341,23912,38684,72470,54,66,106,16,118,154,137,23,49,51,102,13,19,25,32,19,51,25,47,35,21,7,65,25,30,20
NS14,251,245,236,154,419,577,1081,124,33,46,80,4600,7310,1123,1776,1763,408,1195,1802,1427,1822,4723,3180,5355,2024,2070,1942,682,986,1258,1268,1668,1667,1743,3606,479,248,533,25,34,25,75,43,76,30,63,557,299,439,1391,1841,602,81,357,227,213,127,367,273,245,186,187,986,3908,6553,16168,17008,11758,5580,3399,2063,1147,426,940,1042,4228,20084,564,3979,6229,3144,2660,297,513,507,352,553,1184,3095,793,1094,11066,2462,7366,620,466,7465,1257,1264,315,275,452,6606,2598,549,1714,832,37911,39046,28793,0,26527,49785,26308,8487,27525,7200,25264,27447,34488,16192,9526,2825,494,4606,13264,11286,14742,14792,24236,18,28,52,17,41,57,24,6,11,7,39,14,8,9,18,30,10,5,16,13,6,1,28,15,10,13
NS15,431,586,432,334,856,1179,891,330,97,59,146,2445,2346,1196,1254,698,131,2301,846,1039,1629,3272,1348,2127,954,524,882,677,384,523,515,628,1068,1123,604,606,561,1107,38,16,25,30,56,71,37,93,159,304,184,778,1106,954,241,888,815,1639,315,326,119,140,159,682,717,1737,2855,8241,9924,5663,2522,3680,1677,1040,1594,741,631,3568,11691,927,5775,6197,4216,1780,1111,221,321,223,346,1158,2597,809,1019,5330,2005,2944,526,226,4640,1024,979,763,1161,1980,2593,913,377,1266,897,37597,35009,41128,28297,0,22076,18847,8768,21061,7379,16693,16596,18504,8645,4553,1734,195,4659,13100,11397,8010,15528,21136,146,142,243,51,421,193,243,24,27,2,187,3,79,70,120,54,52,36,49,110,36,9,13,37,14,32
NS16,332,417,273,161,728,1113,1318,287,67,62,190,6635,8757,2002,2501,2866,562,1892,3253,2462,3153,8187,4861,7531,3288,2445,2677,1161,2325,2600,1994,2870,2204,3029,4244,2470,3690,1330,78,97,95,187,226,191,107,272,843,788,530,1855,2884,1430,504,1150,1716,2512,1027,1082,324,314,290,1750,2292,6721,15303,37529,37035,24676,8221,8364,4139,2445,6123,1955,1205,7286,22443,1267,5975,9493,5092,3735,2173,765,704,707,572,2658,6509,1282,1730,16383,5995,12385,1236,325,12463,2349,1908,1418,2602,4254,12443,5132,1454,4582,2627,59702,59749,82201,49007,31650,0,57022,28089,70915,8525,70633,63220,84124,39657,22542,5306,882,5895,18380,16331,22692,23528,39331,307,370,329,109,355,634,342,54,19,31,300,74,198,178,252,175,104,93,187,108,117,32,120,66,52,85
NS17/CC15,62,35,37,21,372,278,213,25,6,20,14,11166,14084,6775,13645,20678,2475,6147,2674,7808,7579,16139,8879,14872,5608,3297,4298,2684,2294,5069,3138,4276,4647,6405,3449,3093,4048,6037,851,255,587,469,860,535,319,643,1565,1323,1003,3018,3868,2198,2051,2068,2086,5277,1681,3584,2087,1542,2874,3365,1399,3797,7492,18725,24644,15583,5951,4728,2769,2405,8500,2418,2026,8340,11517,1168,5155,7637,4766,2256,2933,388,388,382,346,3952,7978,2072,2565,25397,4396,10859,3083,1025,40606,6762,8925,5028,9912,8994,7915,3094,1242,5232,4308,24774,22863,37263,24553,21950,48823,3764,25964,49577,2520,45219,29903,43767,20673,13700,3846,407,2636,6324,6954,5988,8951,14917,649,1161,1033,332,956,1122,799,107,157,36,386,204,335,1034,1256,521,650,345,403,732,404,269,597,425,257,265
NS18,30,8,25,31,125,140,62,9,1,2,3,1580,1918,396,1179,926,66,281,924,194,506,1015,557,871,520,317,262,150,873,452,407,740,696,1240,674,781,1344,63,0,13,32,45,6,41,11,32,60,94,77,306,277,300,10,261,116,892,231,66,21,19,11,1088,423,1761,3280,8721,8502,5227,2360,2333,976,561,1131,311,243,1640,2551,185,680,1411,868,345,794,81,109,102,40,961,1938,467,576,3959,1022,3167,196,64,5915,1006,1750,1098,2230,1843,3886,1709,347,1126,439,7837,8097,13280,8210,7548,23321,29892,0,29215,779,22058,20832,22182,9645,5789,1225,239,693,2559,2809,3321,3153,5316,195,208,267,69,227,251,172,20,13,13,77,37,76,151,336,151,188,73,109,253,47,31,87,24,91,50
NS19,26,43,8,18,243,239,182,22,11,10,16,2338,3073,1120,1992,3239,94,359,2578,624,1489,3713,1551,2499,1409,751,1135,626,2020,1320,962,1423,1183,1526,2140,1111,3078,121,7,20,35,97,7,99,28,65,111,58,99,534,592,467,30,402,268,1191,331,50,27,25,15,3542,935,4425,9358,28233,27763,17736,6409,7864,3708,1712,3694,1335,668,4860,6792,584,2981,4565,2999,1336,2001,220,178,173,242,2118,4521,1083,1119,6815,2863,9234,294,100,10531,2216,4178,2147,4522,4335,11005,4018,760,2248,514,32855,30139,45174,28213,22442,66047,55987,26530,0,1901,99344,71781,81903,32158,18890,4000,780,1984,6700,9001,7134,9986,19058,410,522,416,150,515,522,525,20,10,66,196,113,152,330,612,387,400,257,274,415,163,85,277,134,187,158
NS2,1220,1470,903,559,1900,2426,1636,590,255,342,654,919,1965,228,369,819,289,321,275,261,1247,10573,4068,5209,682,1327,996,311,44,442,107,280,285,249,678,561,2404,1844,70,218,170,120,2,237,149,53,35,91,58,284,480,88,8,40,63,75,67,21,8,22,51,1663,1279,3672,6838,8386,8401,12225,7678,9784,7832,6867,2683,8266,4049,22271,118431,1512,16934,31740,18863,16858,1136,3107,2879,3278,1950,1562,2939,837,1406,4272,3090,4993,367,71,2171,532,854,281,379,648,5083,1044,845,1072,656,22815,15702,18411,9246,6554,8302,2922,789,1709,0,2205,750,3985,2680,2124,471,224,33623,45585,35962,14792,13740,23607,24,66,118,11,63,65,40,2,2,9,127,4,7,18,63,19,57,44,18,13,10,24,63,40,10,7
NS20,7,13,2,9,80,81,38,7,33,4,5,2837,2267,1666,3887,2027,62,105,883,388,849,1853,496,913,581,200,477,538,457,435,363,666,1052,1670,890,386,1082,33,7,11,36,47,1,81,11,17,24,56,90,343,445,656,5,629,621,1699,137,17,7,6,15,7018,2014,3231,3067,10963,16236,8516,3268,5564,3244,2287,7397,1897,657,4426,5101,1261,4317,4760,3443,1211,3316,154,126,238,453,3460,7808,2495,2738,4766,4582,3998,599,319,15273,3393,7703,5025,8729,8121,4042,1616,534,995,1685,30836,27002,39545,29277,19843,63340,46672,25785,91102,2339,0,88550,45241,16955,8383,2329,214,2765,4142,6520,5814,10167,17358,717,1016,963,264,854,947,622,14,13,19,507,141,279,769,1326,915,585,450,197,676,349,108,629,540,590,322
NS21/DT11,1,13,4,5,23,33,5,3,1,2,1,875,858,400,1380,1131,187,11274,584,2786,4252,6336,3661,4484,1746,438,432,282,682,28682,1114,1608,926,987,45462,599,699,67820,19852,45546,24061,16314,8476,4698,1406,1313,883,754,498,697,997,829,23493,828,936,2705,359,40075,21061,13106,14965,2687,1127,2360,66683,13006,16590,5887,1631,1566,822,585,3449,651,549,3122,3313,862,3078,3123,1948,416,1277,52,61,122,117,1246,2827,939,963,2198,1909,3087,1356,1295,4436,2059,3843,1920,3338,2851,10168,1417,42124,7479,3604,36415,33396,50030,34392,18759,56688,33610,24874,69752,828,84320,38,84933,37536,10522,637,812,747,563,1898,2552,9208,18599,283,510,348,84,502,248,210,5,3,6,326,59,151,379,431,299,274,190,96,135,131,61,425,250,167,124
NS22,7,9,7,8,68,91,42,11,1,3,8,4487,4268,2015,4749,3050,93,248,2509,144,342,1902,431,1158,1131,638,945,968,1521,2729,1807,2951,2821,2705,6619,1062,3278,69,14,150,273,486,6,307,135,170,108,338,167,777,994,632,16,685,543,946,198,29,22,15,16,17443,9039,11207,19543,29957,40314,20039,6744,6300,3014,2149,20553,1517,647,5650,8975,1490,7753,9735,6269,1339,7983,149,211,209,373,8112,22679,7121,9017,14298,15098,11864,5282,2193,21128,10055,18415,8511,18009,15544,11780,4177,6079,10804,10442,33844,32188,52995,37763,22804,76087,50129,26417,76388,3098,53527,83987,0,33785,30176,5428,984,2946,2018,7284,4365,9998,19448,1423,1998,1925,435,1798,1449,1462,36,55,580,869,566,676,1755,2582,1440,1530,820,323,1220,739,492,2247,1311,1011,646
NS23,3,3,2,6,32,36,34,8,0,3,1,2326,2489,750,2561,1671,52,109,2107,44,188,1878,404,1152,850,392,799,806,1370,2863,935,1674,1383,1579,4640,798,2004,85,12,189,319,476,17,302,101,113,77,166,97,522,857,390,19,452,440,720,115,28,14,10,7,11491,4702,6887,15936,21475,33823,16605,4395,5186,3293,1782,14072,1673,716,4566,7306,1264,5707,7780,4900,786,5585,108,426,125,121,4648,13844,3285,5358,8329,8578,7933,3769,1887,12266,5921,11215,5189,10572,8221,7276,3046,4586,6915,6317,15543,12692,23297,15790,9858,32130,22712,10891,30324,2483,23862,42160,39968,0,24204,5422,402,1917,1257,3615,2162,5177,9646,798,1206,1136,292,1173,900,638,98,8,53,390,163,275,1047,1450,824,938,460,217,484,422,233,1322,675,550,270
NS24/NE6/CC1,5,3,4,2,38,22,27,3,1,2,1,3146,3123,817,1433,1189,58,675,9895,254,399,2134,1224,2722,1823,703,1414,1279,6097,5946,2316,3838,2819,2566,4639,485,1203,3777,444,2066,1993,1960,388,629,231,242,143,265,208,751,910,549,1111,515,525,1163,168,1929,1091,495,660,5976,2663,3960,10357,14864,21635,10780,12916,4580,2352,1675,5594,1973,780,4872,5422,1123,4145,5659,4023,1099,2725,82,86,138,138,3061,6967,2186,2817,7337,5249,19887,11249,4093,26351,13342,23211,10023,20955,15399,18816,11546,20377,18291,17125,11181,9058,15182,9052,5896,17872,14220,6497,17236,1748,12888,9429,24389,20003,0,2060,731,1555,928,2583,2536,3646,6397,1575,2174,1909,497,1749,2037,1307,85,39,50,703,368,411,1912,2536,1489,1384,666,382,1052,830,494,2536,1297,781,475
NS27/CE2,1,2,0,0,21,23,3,0,0,0,0,133,273,223,207,133,14,60,112,28,24,415,18,26,14,16,12,5,175,610,405,472,567,612,559,71,307,219,10,241,25,49,1,39,21,61,4,15,70,57,74,29,35,33,39,74,11,13,2,13,8,1653,1060,890,957,3179,2397,1411,324,2281,1432,1055,343,1005,257,1736,1296,567,1692,1238,1259,329,600,18,28,41,78,832,1461,684,559,1092,1344,522,70,59,883,164,355,126,250,192,424,178,557,516,235,2592,2597,4248,2450,1729,4190,3933,1480,3309,526,2298,655,4058,4157,1696,512,847,457,315,588,513,968,1531,2,24,7,1,31,22,7,2,1,2,18,18,13,24,11,15,31,17,0,2,9,9,29,21,5,3
NS28,4,0,1,0,9,5,0,6,0,0,1,80,58,33,19,135,1,20,20,3,11,131,13,21,26,15,4,23,26,76,89,27,55,86,674,19,88,57,1,73,19,13,4,17,4,18,4,8,30,66,63,12,8,10,60,17,0,8,3,2,2,1615,500,424,893,1468,1171,637,1034,531,155,122,526,212,103,1002,474,108,420,470,662,134,191,21,50,46,85,381,551,74,273,944,741,434,133,37,400,92,345,141,243,189,425,73,554,849,147,606,396,675,377,220,699,368,195,666,212,266,917,1263,403,477,575,0,190,343,214,128,230,434,6,22,16,5,2,27,6,0,1,2,80,9,29,16,39,32,51,9,0,2,34,4,17,18,9,2
NS3,862,1000,842,663,874,1050,999,323,302,456,702,678,1200,148,220,616,190,298,76,420,1050,6842,2398,4410,705,1647,1053,374,14,326,55,223,176,135,702,480,1364,2969,25,164,140,78,1,157,113,40,64,28,32,155,162,31,5,40,65,63,34,5,9,13,22,788,740,2292,4858,6024,5221,6971,4511,5847,4482,4526,1528,5933,3595,21481,78578,1513,11067,19582,9592,8434,534,1812,1818,1689,1334,882,1743,436,895,2427,1401,3634,260,51,1228,259,421,142,164,360,2749,754,1028,936,331,10528,7090,8668,5236,3736,5602,2471,736,1800,31405,2475,564,3021,1853,1607,468,161,0,32416,25243,8451,8296,13899,10,4,30,6,20,39,10,0,24,20,64,10,5,19,11,10,13,6,11,21,6,0,17,12,6,15
NS4/BP1,7210,7805,5636,4293,6736,13097,9735,4763,2769,5105,5679,914,1950,298,679,672,216,85,103,554,1455,13775,4745,8877,1085,2847,1872,785,28,78,57,174,160,285,281,465,1945,31958,5,47,25,35,2,104,50,18,22,37,56,287,754,133,3,122,153,77,33,11,4,7,30,1339,1238,3717,3805,7369,8471,13416,7537,9925,9247,9591,1743,10372,6440,40906,148654,3095,18936,24261,13037,14805,990,2963,3750,2867,2164,1571,3404,718,1605,4571,3362,6972,227,166,2830,442,540,210,240,465,2863,543,632,1157,295,35381,23100,29131,18061,13814,18882,7367,3440,6375,51832,4187,631,2722,1508,1190,305,332,36649,264,87427,21069,25947,50178,35,30,65,24,66,52,44,3,59,11,104,25,10,29,29,20,16,9,10,7,32,7,21,20,13,10
NS5,1472,1620,1439,757,3033,4494,3183,1134,594,1453,1511,1599,2971,313,555,818,219,211,269,311,1283,8989,3086,5812,769,2050,1758,524,140,184,100,341,311,514,472,562,1175,7518,12,75,75,60,1,120,74,19,27,70,161,565,946,170,0,90,184,221,137,4,1,9,21,781,1230,2905,4460,7746,7366,9679,5559,6877,5187,5447,1039,6775,4181,25887,93573,2228,11897,21020,9938,9615,711,2096,2015,2074,1104,1356,2292,577,897,3714,2234,5539,382,213,2678,521,723,160,208,481,2932,793,508,1137,381,27016,17824,22709,14306,9763,15347,7362,2867,7904,35761,6209,1947,6823,3657,2694,471,207,23968,86151,0,18512,22988,44994,13,31,29,23,47,51,56,5,74,69,109,2,6,5,18,20,39,34,5,24,5,11,27,19,14,2
NS7,818,743,523,213,842,1318,568,338,134,167,258,1108,2227,687,399,730,91,81,97,182,808,3329,1649,1509,610,1123,683,371,48,57,88,160,293,325,362,283,724,1021,8,15,5,60,1,71,15,35,25,134,62,607,820,524,0,204,250,243,116,3,3,6,5,437,946,856,686,2369,3213,3418,3868,3372,2802,5566,579,3122,1618,12236,27846,1200,9194,14171,6846,5501,345,1152,1310,1466,1199,848,1206,391,769,2322,1918,3010,292,536,3182,539,842,273,220,504,2054,226,1035,2089,356,22952,19163,21884,17796,7571,17956,5164,2698,5603,14206,4780,1975,2659,1358,1219,289,166,7976,20307,18780,0,13447,19157,22,11,26,3,43,38,126,11,87,118,206,12,10,7,23,22,22,12,17,23,6,13,28,15,24,6
NS8,258,433,286,103,732,1364,1240,230,67,31,89,1350,3013,410,677,712,99,225,323,177,525,3677,1699,2350,758,1257,682,294,216,231,228,424,355,360,856,300,447,1036,7,21,12,36,10,46,16,58,227,125,88,503,772,223,0,131,90,165,97,9,3,5,9,246,588,1679,2202,4772,4193,4585,3157,2889,2524,2463,386,3275,1850,10430,33995,932,7345,11516,5812,5751,392,1330,1560,1296,1008,505,1260,342,303,3338,1011,2997,292,204,2248,462,449,134,89,351,2512,591,664,1450,619,50931,23583,26161,13691,9250,14970,6073,2430,6311,11979,6693,5058,6621,3739,2626,781,196,7194,21768,20795,13814,0,38250,4,6,37,1,15,25,9,2,9,7,56,11,8,6,12,18,1,16,4,8,2,1,12,8,4,10
NS9,700,1303,1022,704,1599,3498,5382,863,207,134,296,4657,7622,938,1664,1850,449,946,1616,498,1289,7505,3462,4874,1088,1620,1514,634,823,1070,1071,1345,1498,1308,2563,942,776,3348,14,60,67,52,1,110,80,128,449,295,484,1587,2070,707,7,293,227,295,237,49,21,56,144,584,1890,4900,7124,14265,13288,10285,6093,6448,5961,4909,824,6254,3967,23173,73700,2300,16240,24437,13243,10072,603,2231,2080,1807,1412,1231,3063,746,1169,10081,3875,7403,692,383,7660,1314,934,226,298,695,6271,2326,1334,3458,1547,94258,75784,85921,38657,30054,49311,20000,7137,23711,29354,21575,19398,23897,13276,8902,2225,655,17267,57537,50610,32222,58048,0,11,29,36,6,52,69,80,9,19,8,238,11,38,6,14,19,25,20,16,11,8,6,40,25,10,6
PE1,0,0,0,0,1,0,0,0,0,0,0,254,494,142,114,245,80,59,253,66,71,281,259,365,108,51,293,37,231,365,128,171,272,244,561,13,8,85,48,158,411,564,9,79,39,42,17,6,14,82,75,36,37,24,1,2,3,123,134,56,132,3,31,100,1047,473,770,583,956,160,149,135,44,83,67,235,277,14,84,177,95,75,15,5,13,3,5,20,112,43,39,1280,168,1561,987,453,3031,1621,1604,491,3347,16538,1496,762,1642,1161,1340,25,35,27,8,129,233,665,121,294,37,484,139,937,686,1850,5,22,10,38,30,29,5,13,0,1438,7462,977,3337,5950,1832,304,184,265,659,368,542,19,82,10,30,89,55,227,89,96,522,156,139,76
PE2,0,1,0,0,0,0,4,0,0,0,0,493,963,159,191,422,65,110,320,136,120,429,374,590,260,131,314,33,425,582,171,185,238,425,573,17,16,220,79,326,726,1023,30,81,70,28,56,29,46,195,60,68,42,3,9,4,19,145,257,116,148,6,26,141,1438,931,932,906,1451,193,213,98,29,111,151,264,418,8,193,246,202,151,6,20,30,32,3,39,159,50,137,1686,107,2620,1574,698,4923,2794,2553,1070,4978,25987,2545,1218,2280,1764,1984,20,24,50,21,123,316,911,172,384,73,554,328,1305,960,2790,35,20,11,40,19,13,5,17,1340,0,7279,1709,5279,8905,2052,469,114,159,721,400,721,78,75,25,38,199,166,197,110,116,752,413,195,125
PE3,0,0,0,0,0,0,0,0,0,0,0,623,849,351,355,362,119,133,334,139,167,586,379,527,241,131,422,118,435,496,201,211,295,316,626,50,35,324,214,253,684,851,21,93,49,70,62,41,40,163,128,68,96,39,7,12,38,295,229,116,228,11,16,142,1020,807,963,1194,1516,390,238,98,68,127,97,359,629,48,198,425,220,211,28,26,54,17,4,28,212,116,121,1715,113,2319,1706,599,4239,2715,2702,1222,4983,25513,2152,1399,2197,1827,2343,116,94,60,44,133,349,1072,272,358,60,773,287,1281,1090,2570,18,13,20,34,37,22,21,32,6366,7035,0,818,10785,11583,4316,504,88,197,1695,473,769,72,104,19,100,263,159,263,104,70,441,240,125,196
PE4,0,0,0,0,0,0,0,0,0,0,0,101,122,47,91,51,35,50,66,9,20,127,66,128,53,19,50,13,103,151,53,69,78,139,157,14,6,80,5,63,140,112,52,26,44,21,2,5,2,67,35,48,24,5,0,5,9,52,48,45,24,5,4,31,342,225,166,258,358,52,38,30,6,39,29,110,116,8,48,124,49,82,5,12,2,22,2,11,65,11,48,356,39,772,465,207,1282,929,1011,290,1207,7298,529,318,457,528,530,57,18,14,5,60,86,322,64,100,9,163,36,270,272,704,1,7,5,16,15,6,5,22,941,1787,954,0,2327,4065,1082,204,48,36,286,113,156,34,14,2,57,25,12,29,13,29,53,49,11,22
PE5,0,0,0,0,1,0,0,0,0,0,0,516,732,291,172,234,48,156,334,110,133,458,391,376,134,181,304,62,316,506,119,182,305,437,424,28,31,236,87,300,660,802,67,109,26,19,18,17,43,220,169,59,32,66,8,13,4,164,161,56,88,15,26,127,900,678,852,750,1132,224,131,63,79,106,105,352,458,10,126,278,125,67,19,21,29,11,16,51,395,90,136,1537,267,1852,1411,696,3985,2413,3286,925,4905,22875,1760,1131,1736,1323,1608,75,83,87,38,277,291,960,216,406,71,574,254,1170,978,2191,19,8,18,33,46,68,26,37,2984,6101,9972,2913,0,10626,3218,460,70,92,283,123,657,275,95,12,166,251,133,172,137,54,309,136,47,128
PE6,0,0,0,0,1,2,2,0,0,0,0,561,1135,114,201,238,76,127,370,56,141,464,258,639,145,117,319,54,282,506,173,243,189,331,591,66,22,272,29,248,624,740,45,118,135,43,21,24,33,257,243,143,76,57,14,33,37,198,204,87,64,18,29,89,988,592,1037,1021,1361,259,219,93,70,118,158,278,514,44,191,275,159,170,49,11,35,20,18,73,384,127,125,1381,178,2389,1256,596,3962,2336,3912,1700,8312,29442,1778,1093,1503,1186,1719,111,148,178,66,188,545,974,253,396,52,684,249,1104,838,1988,25,21,42,79,43,40,48,43,5430,9320,11248,4149,10031,0,6988,528,162,169,1411,807,1539,338,244,79,247,397,314,413,215,79,640,268,225,259
PE7,0,0,0,0,1,1,0,0,0,0,0,445,760,119,96,264,57,56,215,61,87,321,189,256,146,67,247,37,223,250,121,105,183,149,378,31,24,328,32,140,490,537,128,104,90,7,23,15,40,192,177,98,26,36,6,32,5,140,110,72,92,4,9,97,916,508,671,674,914,259,174,114,43,110,56,247,494,70,141,371,117,60,55,26,21,16,10,50,259,96,242,1402,144,1612,1093,727,3182,2006,3303,1070,5925,21032,1375,906,1242,1073,1699,103,111,121,32,185,366,650,137,319,23,383,170,937,561,1706,7,13,14,60,21,90,40,43,1703,2025,4382,1141,3118,7146,0,204,62,42,279,323,771,117,114,17,117,168,162,184,96,38,346,244,75,128
PW1,0,0,0,0,0,0,0,0,0,0,0,52,24,10,14,48,3,6,15,2,8,23,9,11,5,6,8,4,8,9,9,9,9,13,15,4,1,28,8,17,20,41,3,12,5,0,4,4,9,7,6,6,17,23,1,2,1,12,22,8,0,0,2,9,48,27,18,26,46,16,9,5,4,3,6,17,11,4,17,49,7,3,10,2,1,0,1,13,38,21,10,106,13,80,92,62,593,387,811,469,1858,4903,34,41,105,105,157,21,44,9,9,11,44,105,40,31,2,30,23,19,94,96,2,0,1,9,4,1,4,6,465,601,563,303,570,501,279,0,98,39,276,378,1030,76,152,57,75,92,32,131,42,14,165,50,98,75
PW3,0,0,0,0,0,0,1,0,0,0,0,21,579,9,58,76,2,21,13,14,7,23,3,3,14,9,23,1,10,8,2,2,68,21,19,0,7,255,5,6,19,12,121,2,1,0,0,12,2,225,216,59,60,1,1,6,1,27,6,29,0,2,55,2,10,22,17,12,66,5,12,140,27,26,0,63,131,10,44,133,193,582,8,3,93,15,75,17,43,13,60,247,234,30,467,184,528,368,289,234,1316,1980,93,16,343,427,433,28,162,73,3,33,35,140,43,13,2,12,7,110,20,45,0,4,16,43,32,67,14,8,229,171,95,86,45,209,68,80,0,28,329,184,842,55,49,86,18,55,15,27,31,75,87,53,54,2
PW4,0,0,0,0,0,0,0,0,0,0,0,100,154,22,0,28,2,17,2,4,23,12,7,1,3,3,5,8,1,4,4,6,6,1,36,1,11,245,5,6,3,11,11,3,0,1,2,16,0,94,16,49,39,0,0,0,1,45,1,2,0,2,20,8,38,81,12,22,27,40,28,66,17,4,0,107,271,14,20,23,102,84,4,4,8,27,57,23,22,25,94,224,127,90,211,148,364,89,476,163,671,2370,143,36,312,757,288,58,122,17,6,7,47,24,20,86,8,17,8,329,43,35,0,3,20,20,91,235,8,6,404,218,190,27,165,234,126,33,20,0,272,250,1989,31,27,4,14,23,8,31,5,57,87,24,26,9
PW5,0,0,0,0,0,6,3,1,0,0,0,326,724,101,38,447,40,54,71,102,127,192,377,317,248,268,194,7,257,174,141,132,128,305,552,32,182,299,486,89,229,272,43,210,42,26,19,19,46,380,287,84,69,37,19,88,4,208,65,46,49,42,136,78,520,393,419,422,842,149,212,181,97,119,21,369,468,40,138,406,402,395,19,52,73,50,75,93,307,127,334,1063,679,1046,1070,1039,1873,1030,2553,684,3418,11818,2114,597,4531,3884,1545,211,232,118,40,202,362,447,80,286,119,635,455,798,252,912,58,137,52,108,119,219,72,193,748,739,1750,311,381,1518,287,195,271,239,0,895,14305,66,122,86,72,121,30,99,80,107,433,122,129,47
PW6,0,0,0,0,0,0,0,0,0,0,0,167,155,19,46,91,15,14,77,17,19,48,73,65,32,28,60,20,61,78,37,75,29,22,119,3,6,40,12,30,113,133,16,26,15,3,3,3,7,25,23,11,12,4,9,4,0,27,13,1,12,0,1,22,227,88,183,253,233,36,35,15,10,11,5,58,124,3,24,65,14,44,27,13,11,23,5,5,68,15,9,308,46,390,282,143,837,508,929,147,1726,4434,411,163,386,220,469,27,27,17,9,25,42,193,31,56,12,56,69,338,177,460,5,8,29,19,1,15,6,10,339,387,355,105,183,833,307,310,125,199,1374,0,1785,56,42,10,26,42,12,34,11,17,116,33,50,34
PW7,0,0,0,0,0,0,2,0,0,0,0,248,465,130,42,116,17,31,137,45,67,134,119,147,181,62,91,29,190,144,58,83,74,126,225,2,9,126,36,107,235,236,15,32,6,4,22,7,22,46,25,31,19,1,2,1,7,127,46,20,6,3,25,37,440,273,396,409,508,116,94,74,36,51,32,178,224,13,40,102,90,43,9,10,2,7,5,9,152,86,102,636,109,989,625,305,1559,1196,1251,110,2348,9401,1010,511,660,785,765,22,17,24,9,64,226,363,71,152,23,275,164,496,297,905,13,12,14,6,29,13,13,19,531,467,821,184,633,1559,609,760,579,1615,12720,2448,0,102,61,24,44,51,11,78,26,2,168,82,73,12
SE1,0,0,0,0,0,0,0,0,1,0,0,464,629,99,134,253,56,107,369,67,129,311,300,403,142,138,257,96,368,358,97,240,206,297,560,18,10,119,80,297,528,710,54,85,40,25,50,19,12,161,57,36,36,23,3,8,4,169,145,45,112,5,18,109,912,531,842,678,1251,178,161,70,16,68,67,210,247,12,96,177,107,89,14,16,20,30,6,19,103,31,61,1285,136,1920,1131,499,3731,2376,1714,572,22022,3732,1660,885,1887,1326,1933,6,12,28,10,54,111,813,187,290,6,401,201,942,827,2262,11,27,17,16,4,12,3,2,59,119,155,59,557,343,156,48,58,37,84,75,126,0,5907,6301,8152,2132,392,1397,640,323,3354,1724,814,597
SE2,0,2,0,0,0,0,0,0,0,0,0,738,818,178,252,410,81,94,393,187,214,533,571,621,343,186,331,130,517,531,180,231,285,273,795,48,21,213,56,312,696,726,24,87,39,52,45,23,60,132,107,39,40,16,9,5,8,225,218,121,122,5,83,158,1282,838,1066,1155,1452,314,292,120,61,127,118,312,520,26,136,329,194,135,20,9,8,40,13,58,289,100,164,2043,223,2785,1994,961,5092,2816,3124,825,25633,4694,2337,1503,2511,1819,2909,44,63,30,19,70,187,1167,259,451,42,859,231,1606,1052,2675,17,27,22,22,16,24,8,13,99,50,128,28,88,195,96,103,26,16,116,94,75,3357,0,2068,12122,5872,1057,1319,615,228,2077,935,616,694
SE3,1,0,0,0,0,0,0,0,0,0,0,232,316,73,142,204,40,68,279,57,127,382,282,418,186,70,167,20,290,361,134,177,149,141,406,39,23,111,92,185,499,515,30,73,30,8,19,9,28,79,74,33,17,11,4,6,25,111,114,31,117,8,15,65,614,553,632,422,806,180,128,50,36,46,54,227,378,8,64,101,152,127,40,4,3,14,9,20,165,46,71,962,130,1550,1072,298,3071,1113,1106,447,17800,1627,1540,695,1756,1497,1340,19,48,34,11,45,98,573,106,205,31,456,174,795,682,1913,7,12,6,13,16,14,8,15,9,30,29,1,9,35,20,68,64,6,104,21,11,3660,2366,0,2167,3373,691,590,214,28,853,316,186,333
SE4,0,0,0,0,0,1,0,0,0,0,1,336,539,242,146,245,53,95,341,80,102,362,199,432,157,97,269,30,333,369,181,137,168,153,417,93,23,173,23,196,413,455,48,92,18,22,45,8,46,79,70,19,23,27,20,37,12,105,162,59,14,6,12,106,884,526,604,670,835,153,132,84,29,29,47,281,388,21,174,305,321,112,15,25,11,6,34,23,178,67,66,1010,110,1570,1050,519,2724,919,762,571,17420,2839,1552,849,1759,1298,1608,29,96,56,15,42,117,684,123,225,42,458,154,940,766,1883,7,18,16,14,38,25,9,17,39,71,87,34,132,261,154,100,32,10,100,31,59,6344,10129,1871,0,3338,1108,1310,545,198,1462,579,328,367
SE5,0,0,0,0,0,0,0,0,0,0,0,211,207,88,123,67,30,41,108,39,26,179,98,154,39,104,134,21,177,170,48,55,97,70,273,18,10,63,12,135,198,256,25,44,21,30,11,11,6,40,20,4,13,13,9,4,8,141,80,35,32,4,5,52,448,247,333,323,463,142,62,52,23,37,24,120,216,7,74,95,50,38,26,11,15,4,4,18,63,20,52,593,44,989,610,253,1935,857,405,201,18827,3896,808,449,1019,807,1121,26,19,25,9,27,100,419,61,121,12,271,114,516,345,918,9,8,7,16,33,26,13,32,161,367,367,41,312,539,229,51,49,9,115,86,68,2509,5378,3099,3137,0,1060,1468,865,437,2033,948,434,293
SW1,0,0,0,0,0,0,0,0,0,0,0,214,134,70,120,126,109,37,57,55,53,164,86,90,47,52,39,37,61,79,44,23,57,314,101,21,10,242,105,44,134,161,51,9,9,1,4,18,20,48,53,68,36,21,2,28,5,84,61,29,16,1,25,56,272,116,215,180,385,57,75,53,23,92,19,125,95,48,88,111,45,77,30,0,0,0,2,14,123,90,178,380,151,377,402,268,1788,1167,1740,526,6721,1741,348,263,580,451,990,31,50,63,19,58,161,468,70,217,31,119,82,178,137,354,6,1,19,10,12,18,6,9,111,261,250,58,281,527,258,25,24,13,57,29,14,758,1507,918,1317,1281,0,1047,2076,954,6210,1908,623,597
SW2,0,0,0,0,0,1,1,0,0,0,0,365,399,105,92,152,42,53,178,48,40,200,231,220,78,48,99,38,211,229,77,76,120,120,293,14,2,159,105,158,283,318,2,40,5,10,21,3,44,73,62,28,25,54,5,17,11,127,56,24,84,5,21,32,644,290,486,411,874,142,97,60,30,157,80,200,282,26,95,206,120,89,33,4,12,5,7,35,237,32,93,864,175,1113,985,444,2593,1742,2140,882,17647,4130,1095,654,993,820,1170,18,28,25,10,83,95,582,162,262,13,466,75,757,425,1049,3,5,18,9,22,16,8,19,266,233,288,27,169,397,258,90,10,22,110,42,76,1475,1333,685,1363,1406,1216,0,3183,1117,10800,2185,716,1282
SW3,0,0,0,0,0,0,0,0,0,0,0,310,298,27,59,56,60,25,118,15,67,145,88,216,111,108,62,34,76,105,66,80,79,56,237,40,9,97,18,130,196,233,11,56,27,10,19,3,5,82,36,61,6,14,9,8,15,59,56,17,55,7,6,44,396,256,275,319,389,102,46,15,39,20,55,185,88,21,42,164,33,40,35,0,2,0,4,45,180,29,103,790,72,867,477,340,1565,982,1385,330,11711,1935,868,459,714,629,1121,14,4,17,3,46,55,330,45,131,5,222,79,471,358,890,11,18,6,8,6,3,4,11,69,81,123,7,98,195,84,44,22,12,75,19,19,639,547,189,501,566,1991,4045,0,938,8241,1977,1135,850
SW4,0,0,0,0,0,0,0,0,0,0,0,179,299,26,91,105,21,34,88,15,32,162,79,227,82,34,65,13,130,150,28,62,50,54,141,12,19,28,17,84,175,273,81,7,9,0,14,1,13,29,53,56,5,12,2,6,10,111,52,17,78,6,21,26,379,197,268,265,259,93,74,46,26,12,32,130,152,0,53,68,44,22,5,1,8,8,27,15,110,39,47,602,88,639,344,256,1144,672,789,187,5583,1251,523,382,570,648,604,8,6,5,6,11,32,226,39,62,35,84,47,341,217,642,2,5,3,2,10,4,3,5,125,139,67,16,36,88,49,20,54,99,92,18,11,412,200,49,177,377,918,1197,1410,0,4159,1149,796,884
SW5,0,0,0,0,0,0,1,0,0,0,0,818,1537,174,317,196,93,129,513,90,244,515,437,480,344,208,406,117,582,687,238,227,445,304,1097,194,60,307,67,473,1006,1084,20,178,35,34,75,28,24,238,279,174,81,92,84,81,32,287,123,117,126,22,63,219,1391,969,1439,1273,1877,493,245,451,188,117,58,473,462,46,215,294,191,212,127,14,37,20,18,206,597,93,142,2052,380,3070,1774,959,4947,3498,4547,1151,27609,7506,3497,1858,2706,2276,2836,58,74,60,29,29,124,556,125,270,47,537,344,1548,1193,2864,12,23,19,25,27,36,11,33,512,706,437,64,310,634,318,116,95,54,442,106,167,3206,2015,741,1377,1377,5810,10728,7812,3759,0,4761,7775,6696
SW6,0,1,0,0,0,0,0,0,0,0,0,392,428,99,156,113,51,60,235,37,121,392,205,326,126,76,166,78,252,237,73,131,226,188,624,54,37,105,119,218,403,484,47,52,17,13,26,27,26,72,123,55,36,51,50,16,27,142,112,32,68,13,29,75,769,511,718,634,814,206,133,87,91,95,74,173,288,18,115,183,115,155,85,5,2,5,12,114,214,88,94,1037,109,1416,880,457,2483,1649,2137,534,14966,3811,1371,736,1167,1014,1599,20,40,25,12,17,58,392,30,120,27,382,260,827,608,1548,11,15,9,9,9,13,11,20,236,470,232,60,172,322,258,95,59,14,89,54,71,1868,1224,395,416,378,1800,2325,2146,1080,5042,0,3943,3718
SW7,0,0,0,0,0,0,0,0,0,0,0,303,556,97,88,70,35,35,152,52,94,166,212,177,61,55,98,21,180,206,96,84,75,175,261,58,23,161,19,70,239,332,8,71,12,4,10,8,8,170,214,33,30,16,34,5,6,122,93,24,81,3,31,54,375,368,360,459,507,112,111,56,26,69,60,283,240,23,92,107,219,73,30,5,1,22,9,52,210,31,194,843,92,1126,535,278,2011,1275,1567,250,11849,2375,899,451,1064,960,953,20,37,33,10,25,46,250,52,139,12,316,116,605,390,907,0,10,6,4,39,14,5,10,95,157,124,22,67,215,84,54,50,10,135,69,37,769,760,195,340,404,577,689,1081,748,7438,3532,0,2196
SW8,0,0,0,0,3,0,0,0,0,0,0,172,248,55,54,40,36,13,94,22,45,118,72,98,62,36,51,26,177,109,94,42,76,72,232,23,11,235,43,80,140,228,31,29,14,14,12,3,4,33,25,73,30,10,7,71,5,151,18,21,15,5,8,41,278,188,261,227,361,87,80,45,62,36,5,123,95,6,106,109,87,43,12,6,2,30,4,40,116,33,39,435,65,712,567,177,1058,858,915,263,12015,2659,663,342,739,560,882,20,59,22,8,24,81,271,28,95,5,153,71,357,163,686,1,2,11,4,3,9,2,9,113,114,151,31,138,245,120,58,3,13,71,18,20,820,724,277,320,263,540,1158,786,838,6730,3858,2050,0