,Addison Road,Anacostia,Archives-Navy Memorial,Arlington Cemetery,Ballston,Benning Road,Bethesda,Braddock Road,Branch Avenue,Brookland,Capitol Heights,Capitol South,Cheverly,Clarendon,Cleveland Park,College Park-U of MD,Columbia Heights,Congress Heights,Court House,Crystal City,Deanwood,Dunn Loring,Dupont Circle,East Falls Church,Eastern Market,Eisenhower Avenue,Farragut North,Farragut West,Federal Center SW,Federal Triangle,Foggy Bottom,Forest Glen,Fort Totten,Franconia-Springfield,Friendship Heights,Gallery Place-Chinatown,Georgia Avenue-Petworth,Glenmont,Greenbelt,Grosvenor,Huntington,Judiciary Square,King Street,L'Enfant Plaza,Landover,Largo Town Center,McPherson Square,Medical Center,Metro Center,Minnesota Avenue,Morgan Blvd.,Mt. Vernon Square-UDC,Navy Yard,Naylor Road,New Carrollton,New York Ave,Pentagon,Pentagon City,Potomac Avenue,Prince George's Plaza,Reagan Washington National Airport,Rhode Island Avenue,Rockville,Rosslyn,Shady Grove,Shaw-Howard University,Silver Spring,Smithsonian,Southern Avenue,Stadium-Armory,Suitland,Takoma,Tenleytown-AU,Twinbrook,U Street-Cardozo,Union Station,Van Dorn Street,Van Ness-UDC,Vienna,Virginia Square-GMU,Waterfront,West Falls Church,West Hyattsville,Wheaton,White Flint,Woodley Park-Zoo
Addison Road,31.8,40.1,43.1,0.6,31.6,107.2,31.8,7.8,8.9,38.1,74.5,74.0,5.5,9.0,2.4,12.6,44.4,13.8,15.0,30.7,13.2,15.3,43.4,2.7,76.8,8.0,30.5,271.6,78.2,125.9,156.9,3.1,24.5,18.3,27.7,79.7,26.8,7.0,17.7,5.2,11.2,36.8,24.0,120.8,7.1,248.0,161.4,30.0,190.0,42.6,60.7,13.5,16.3,8.1,85.3,35.4,52.3,70.1,65.6,30.2,15.4,28.5,14.5,68.2,21.1,25.3,45.2,84.5,17.4,89.0,5.2,11.4,24.9,9.3,19.1,74.0,9.9,14.8,7.0,6.4,17.4,24.3,8.1,13.4,13.8,12.4
Anacostia,37.3,111.0,326.1,1.7,64.2,77.6,34.8,20.9,89.5,130.1,42.6,26.9,14.2,10.3,12.4,35.2,451.1,95.7,22.3,65.3,53.5,14.9,100.4,8.7,30.1,13.7,152.1,139.1,19.7,54.6,201.3,11.4,177.3,28.2,46.2,562.2,254.2,23.3,56.9,8.5,42.0,84.3,40.1,263.4,24.7,50.5,140.5,47.2,134.9,123.4,14.4,140.0,263.6,136.5,68.6,107.3,139.5,126.1,26.8,91.5,32.9,160.8,18.5,65.7,40.0,210.0,110.1,54.3,117.4,67.5,244.4,46.9,55.5,14.7,193.5,224.9,18.6,56.2,22.2,14.5,226.3,37.7,44.2,25.2,18.3,29.0
Archives-Navy Memorial,46.3,296.8,50.4,11.0,31.9,50.1,27.3,235.7,403.3,19.0,30.3,79.0,31.7,17.7,14.4,215.7,459.8,126.8,20.8,402.6,31.0,16.0,68.9,23.0,74.7,103.2,52.9,24.9,24.7,4.4,47.4,13.0,85.8,238.7,31.7,54.3,176.3,29.5,327.3,19.7,477.2,4.5,261.8,251.6,33.9,98.1,22.9,7.9,22.5,30.7,42.0,92.4,207.3,122.4,147.6,29.8,539.3,571.3,38.6,146.0,82.5,17.4,15.7,50.4,63.2,127.1,52.4,29.6,255.6,33.7,302.2,17.9,20.6,9.7,273.6,128.8,90.9,21.3,72.6,13.6,151.9,51.6,122.0,15.9,8.5,38.2
Arlington Cemetery,1.1,1.4,16.0,20.8,15.6,0.0,10.8,15.5,11.3,3.7,2.1,46.0,1.5,2.7,2.2,9.4,7.8,0.3,15.2,108.7,0.0,9.3,30.0,5.7,7.5,17.1,6.2,41.1,14.5,70.3,75.4,1.4,1.5,40.5,10.1,18.8,1.5,2.0,11.6,2.6,29.8,5.9,61.8,52.0,0.2,4.9,56.5,3.8,96.9,0.4,7.8,4.7,6.4,1.9,16.3,7.0,135.5,93.0,0.8,1.3,16.4,0.6,1.8,79.6,13.0,1.6,12.5,145.0,1.6,1.6,4.1,1.6,3.1,2.9,3.9,62.4,18.9,4.2,31.9,3.2,3.7,13.0,0.4,1.2,3.4,27.0
Ballston,32.6,61.2,39.5,16.0,75.2,20.5,69.2,50.1,55.3,53.5,22.7,172.5,31.8,305.7,29.3,25.3,74.9,16.2,346.2,166.6,21.3,250.8,158.6,151.6,107.6,16.7,21.7,1175.3,128.1,301.3,880.4,20.6,45.1,105.0,55.9,161.0,31.0,58.3,58.9,26.9,95.5,112.7,125.8,261.3,42.7,45.5,782.9,25.7,714.6,29.7,27.6,31.3,147.0,29.8,175.3,87.0,156.5,152.9,58.6,33.6,107.4,29.5,27.2,557.4,92.7,35.7,117.7,248.8,58.0,35.4,60.3,48.1,37.7,24.4,70.0,376.8,37.9,48.0,694.3,31.7,29.4,664.0,23.5,26.6,24.9,73.9
Benning Road,85.4,61.0,40.7,0.3,18.1,46.7,12.5,10.1,12.2,57.5,21.1,33.9,4.4,3.2,4.9,5.6,102.5,15.4,8.1,24.4,7.2,3.1,36.5,1.7,83.9,5.5,19.6,156.5,48.4,50.9,149.8,2.4,42.1,13.1,24.8,79.3,57.5,5.6,11.4,3.6,10.4,45.3,15.8,73.2,7.1,85.1,105.9,11.5,136.8,16.4,22.6,23.5,27.4,14.4,25.5,38.7,33.2,53.4,87.4,28.2,12.4,50.6,7.6,26.6,9.9,52.1,30.8,53.8,25.5,98.1,17.2,16.1,24.9,7.1,52.2,44.5,5.3,24.3,7.0,3.7,41.1,14.2,8.6,8.4,9.7,10.7
Bethesda,30.6,35.1,28.1,5.8,68.9,16.7,45.9,19.3,62.9,58.9,19.6,75.9,11.9,33.2,237.7,33.1,49.6,12.4,60.4,67.4,8.6,18.8,1048.1,12.4,48.2,10.4,1302.6,15.6,73.3,73.8,138.8,6.4,30.5,25.7,524.8,502.6,32.9,10.5,34.9,257.0,34.8,220.6,52.3,131.6,14.5,28.6,44.6,245.5,766.0,11.4,24.0,35.7,126.5,21.6,56.4,106.4,73.0,85.6,30.9,20.6,116.0,59.1,335.2,88.6,530.3,35.7,19.8,151.4,42.2,17.2,42.6,23.8,372.0,321.6,71.3,621.1,14.9,218.8,35.1,19.7,35.5,30.9,17.2,6.9,258.8,391.1
Braddock Road,7.0,19.5,246.2,10.7,53.8,8.6,17.1,22.9,8.6,12.9,5.8,87.2,5.4,25.2,9.2,7.2,56.8,7.0,36.6,144.5,4.2,16.5,68.5,13.0,33.5,30.9,26.5,397.8,31.0,74.7,281.7,3.8,21.0,114.5,15.9,267.9,20.7,10.3,14.7,7.6,147.8,15.5,132.1,264.6,5.0,5.7,235.0,13.4,122.3,7.7,4.8,40.0,99.6,11.5,20.9,36.1,165.5,150.6,12.9,9.4,91.6,9.4,4.8,172.8,14.1,23.4,42.2,65.7,15.7,13.0,22.6,8.1,16.7,8.7,62.2,173.7,67.7,13.4,22.8,14.4,14.4,35.9,6.1,9.0,5.6,21.7
Branch Avenue,11.5,94.6,437.2,7.0,55.7,13.0,58.8,6.8,31.1,41.0,9.1,63.3,4.7,17.6,5.6,29.1,98.5,36.1,21.5,100.5,6.1,13.6,96.4,5.8,16.3,9.3,291.9,240.3,79.3,181.9,210.5,3.5,36.6,15.6,49.1,552.6,45.0,10.1,35.9,10.9,13.8,86.2,26.4,631.5,10.9,28.4,244.2,81.7,190.7,18.1,11.0,63.3,236.2,61.5,41.4,108.0,253.9,116.7,6.9,42.4,36.2,23.5,14.4,117.8,28.0,59.9,91.9,198.7,62.5,11.5,111.8,12.0,36.3,15.3,70.9,268.1,9.5,19.3,16.8,13.1,46.9,27.1,17.8,11.8,23.0,32.1
Brookland,37.8,128.7,21.1,1.2,47.3,63.8,52.7,14.3,41.4,52.9,27.8,24.2,7.0,14.3,24.3,47.6,130.6,54.7,23.6,52.6,17.2,18.7,257.3,14.4,32.7,5.8,431.1,20.6,25.0,38.3,173.6,52.0,172.6,32.8,63.9,374.2,74.9,132.2,78.1,22.4,34.6,195.0,30.8,87.6,13.6,29.0,52.8,35.2,309.9,58.7,7.3,20.5,49.2,31.8,23.6,182.6,66.1,73.7,56.0,63.9,26.8,96.5,28.7,73.2,83.3,31.2,478.5,53.7,63.0,19.3,43.5,162.1,82.0,19.7,70.8,616.2,12.5,48.2,49.3,18.6,47.2,39.4,37.7,115.1,15.8,68.5
Capitol Heights,58.4,39.8,31.4,0.7,20.2,26.1,16.4,3.4,6.8,22.1,28.7,33.0,3.2,1.8,2.5,3.6,49.2,12.9,4.1,16.4,7.0,6.8,28.3,2.9,45.3,3.7,14.6,124.3,48.0,69.0,96.5,0.9,22.8,9.7,18.1,53.0,29.1,4.2,7.8,1.1,5.4,22.9,10.1,70.9,5.6,79.0,95.7,17.1,99.8,13.6,19.4,12.2,13.9,7.8,21.8,26.5,20.1,34.2,39.0,12.2,6.8,21.4,7.9,23.2,9.9,26.9,22.9,49.9,17.3,42.9,8.0,10.6,12.9,5.4,22.7,36.5,4.9,10.2,4.0,2.8,16.3,10.5,3.7,6.7,9.9,10.7
Capitol South,75.0,29.0,62.3,43.2,168.5,38.6,83.5,84.7,69.4,28.9,35.5,49.3,55.7,83.6,61.3,46.7,243.0,14.9,118.0,219.3,28.7,68.9,243.4,95.5,62.8,35.0,45.1,501.5,75.5,132.8,456.1,20.7,37.8,105.0,85.4,117.5,77.4,40.5,49.7,54.7,151.3,10.3,136.9,177.0,36.9,78.0,421.3,17.3,336.2,32.7,43.0,72.1,12.9,18.5,256.3,24.9,219.5,249.9,85.9,45.1,38.3,16.7,35.2,244.1,102.7,48.7,73.4,166.7,56.7,59.2,38.5,33.1,84.9,26.2,132.2,29.4,57.4,72.6,225.0,68.4,38.2,182.7,36.3,30.4,24.2,134.3
Cheverly,7.1,11.9,28.9,0.3,27.4,6.0,11.0,3.8,4.7,5.0,5.4,58.2,9.2,3.5,1.4,1.1,17.3,1.8,9.8,15.2,26.3,5.9,25.4,6.1,30.9,0.8,12.9,127.1,49.5,63.1,93.2,1.3,6.8,5.5,8.6,42.1,7.9,2.5,1.7,1.4,6.9,7.9,7.1,76.1,8.3,8.8,85.0,8.4,81.4,50.1,3.5,4.8,10.5,4.3,43.7,9.4,27.6,26.2,17.3,2.9,5.3,4.6,2.7,34.9,9.7,8.8,7.0,56.1,8.5,13.2,8.1,2.4,9.7,4.7,11.7,27.8,1.1,4.8,4.9,4.2,10.4,9.4,1.8,3.6,3.2,9.1
Clarendon,8.2,12.5,20.0,5.7,291.9,3.5,34.9,26.7,16.1,15.6,2.1,102.1,4.4,55.2,11.0,9.4,31.3,3.3,54.4,90.1,5.3,78.6,58.9,79.2,50.8,7.0,8.8,634.7,67.6,146.6,424.2,4.6,14.3,43.4,22.8,74.1,14.5,14.6,16.1,10.3,30.1,52.0,58.4,115.1,7.2,15.9,398.0,12.0,360.7,9.7,9.0,11.9,79.5,7.1,43.2,33.8,80.7,86.6,13.8,11.4,24.6,5.7,8.3,260.5,24.3,15.9,36.0,108.5,10.0,12.2,13.5,9.4,15.7,8.9,35.0,162.5,21.1,12.5,235.1,55.2,12.2,171.9,9.0,9.4,7.0,24.3
Cleveland Park,1.3,11.5,14.0,6.5,26.5,7.2,197.9,9.7,6.7,27.2,3.2,55.9,0.9,11.4,28.4,9.9,12.9,5.2,16.8,38.2,1.0,7.9,490.2,6.8,24.5,3.1,739.7,5.8,41.9,34.5,67.2,8.1,18.4,14.1,156.9,290.9,13.4,7.8,14.0,42.3,8.6,133.6,24.4,75.8,3.1,4.5,16.2,99.3,460.2,5.0,4.5,11.4,49.8,3.9,16.1,37.3,26.4,32.2,7.5,7.7,24.6,21.1,41.6,44.9,72.5,11.5,45.3,72.1,7.8,5.2,11.8,13.9,135.3,37.7,17.6,303.4,3.6,70.2,21.8,5.3,18.0,16.0,5.5,8.5,44.4,64.7
College Park-U of MD,8.5,30.6,200.7,5.0,24.4,6.9,28.8,8.2,25.0,36.9,4.7,41.2,2.0,7.6,9.6,42.0,282.4,11.6,11.0,55.5,0.7,10.1,133.7,5.9,15.0,4.9,245.1,61.6,26.9,53.9,123.3,18.8,63.6,13.9,31.1,391.0,89.2,34.1,94.2,11.6,12.3,44.8,33.0,235.6,2.0,13.7,55.8,15.3,101.4,5.8,7.9,77.6,92.0,19.4,4.8,52.4,52.1,47.6,5.1,103.4,34.1,15.3,17.5,40.1,46.5,52.3,175.0,78.9,24.9,3.9,38.3,39.3,22.1,10.0,192.6,211.1,3.2,18.5,15.5,6.6,28.4,18.6,51.2,34.6,7.4,26.5
Columbia Heights,36.9,414.5,432.3,5.5,75.4,100.2,52.7,51.6,102.8,140.3,46.9,233.4,17.1,33.7,13.3,278.0,122.0,157.9,45.9,195.3,39.9,24.5,126.7,14.0,167.3,25.2,286.2,58.3,76.5,37.0,266.4,31.7,502.8,40.8,52.5,1360.3,421.8,54.4,214.6,9.6,69.0,86.8,128.9,510.0,26.1,38.8,29.9,27.0,158.1,105.0,26.1,362.3,309.6,107.2,45.8,142.5,168.3,270.1,83.8,372.3,148.4,178.2,18.7,114.4,37.9,323.4,212.4,72.0,171.5,77.6,185.5,124.8,51.0,10.8,333.9,575.5,26.4,35.7,33.7,19.9,207.7,42.4,333.9,98.8,10.7,15.2
Congress Heights,9.9,74.1,115.9,0.0,15.4,15.0,13.0,5.3,26.9,41.0,13.2,13.4,3.3,3.3,3.4,8.9,149.3,38.6,6.6,18.6,10.4,5.2,46.5,2.9,9.0,3.0,76.1,57.8,6.0,17.1,79.3,2.6,55.5,7.3,21.8,190.4,76.2,5.6,23.0,1.9,14.9,25.8,13.1,85.5,5.3,14.4,51.0,15.5,46.0,50.3,5.1,43.6,74.6,47.9,22.5,36.2,32.2,45.7,14.2,28.2,12.6,63.2,8.2,15.9,10.1,85.0,32.5,23.5,32.2,22.5,83.6,17.9,28.5,3.1,67.0,80.9,5.1,19.6,5.6,4.6,63.2,13.1,13.7,12.1,7.4,13.2
Court House,16.7,18.9,22.0,11.3,335.2,8.9,52.7,33.6,20.5,24.6,4.3,123.1,9.3,46.2,14.5,13.2,49.6,7.7,38.5,131.5,9.1,97.8,88.5,79.5,65.9,9.8,10.1,919.1,78.4,190.4,665.0,7.1,27.5,57.1,39.2,102.6,24.0,23.8,22.9,16.7,49.6,88.6,90.4,167.6,10.8,20.5,588.8,13.3,540.9,12.1,14.9,16.4,109.2,8.6,73.9,47.0,131.5,128.8,25.9,11.5,49.7,17.5,13.5,198.7,52.8,28.4,61.1,154.2,19.2,21.4,29.3,19.3,27.4,12.3,49.2,245.0,31.5,28.4,274.7,104.3,17.2,239.2,12.8,19.0,10.2,37.9
Crystal City,31.5,64.5,373.2,80.5,168.0,22.1,65.1,141.6,101.2,44.6,18.2,200.0,14.9,90.7,35.0,58.2,210.9,18.5,132.1,61.3,14.1,77.5,165.2,50.3,92.4,102.2,37.2,668.0,71.2,182.4,690.6,34.3,72.6,514.9,55.6,501.7,59.4,81.1,133.5,42.5,458.9,32.2,385.4,622.1,28.3,77.3,375.6,27.4,243.3,19.4,34.7,105.8,215.5,35.8,159.1,67.7,991.9,589.9,45.1,47.5,267.3,35.6,41.0,527.7,154.4,65.7,115.5,273.0,54.6,28.7,88.1,47.7,34.5,28.2,178.4,476.4,164.0,37.5,232.8,60.2,53.0,190.7,29.5,45.8,30.5,66.2
Deanwood,9.9,44.4,27.2,0.9,20.4,7.4,8.8,2.8,5.3,18.6,6.8,25.6,26.7,4.0,2.3,1.1,40.0,9.8,7.3,12.2,26.1,8.0,17.3,3.3,40.9,0.7,9.9,97.6,23.7,30.4,67.0,1.0,18.0,5.1,8.5,36.0,29.5,2.7,4.3,0.9,4.9,20.3,4.7,55.3,33.5,12.8,54.7,11.8,73.9,100.5,5.2,10.6,9.7,10.6,114.3,17.0,25.7,20.4,35.7,11.1,8.1,24.1,1.9,23.2,7.3,23.9,20.5,26.1,22.7,48.2,9.7,9.5,15.9,3.8,18.4,24.5,3.0,11.9,4.1,3.0,11.3,11.9,4.6,4.7,3.6,10.6
Dunn Loring,15.0,12.7,20.5,5.0,241.7,2.6,18.1,17.3,11.4,19.2,8.1,68.5,5.5,123.9,7.1,10.1,25.8,6.8,102.8,72.3,9.4,29.4,68.8,37.6,28.2,2.5,12.8,591.6,83.5,189.0,414.0,2.3,14.9,12.1,15.4,96.5,10.5,14.1,17.4,4.2,32.0,61.6,44.7,165.7,10.5,12.1,358.4,11.8,329.7,12.6,12.0,9.2,82.9,8.2,64.2,45.1,77.5,61.5,12.7,12.2,42.2,10.7,7.6,257.2,27.4,14.3,42.3,189.8,19.1,10.8,22.5,8.9,16.4,7.2,21.0,213.3,11.0,15.9,161.4,40.9,11.6,140.5,4.1,11.0,4.6,26.9
Dupont Circle,47.9,109.7,99.6,30.8,136.5,51.0,947.5,68.0,89.4,266.8,32.9,288.5,28.8,54.1,399.0,140.2,126.2,54.0,82.4,180.3,22.5,59.2,120.0,48.2,175.6,27.3,292.8,23.5,151.2,128.6,130.6,95.4,256.6,78.4,774.1,1140.5,135.9,181.1,145.5,441.5,114.1,472.6,120.0,274.5,29.3,63.1,50.0,360.8,1266.0,43.1,30.4,55.5,213.5,44.3,138.4,257.8,183.2,283.1,92.0,113.8,165.1,235.9,282.8,184.3,686.6,50.9,527.4,339.6,88.9,45.8,106.0,340.0,517.6,271.2,63.3,1862.8,40.3,607.3,132.7,39.0,123.9,123.3,96.3,139.2,259.2,449.8
East Falls Church,2.2,8.4,25.6,3.4,160.2,2.9,12.3,11.5,4.0,13.0,2.8,101.0,7.4,131.8,6.6,7.8,19.1,2.5,76.5,46.6,3.1,27.8,63.9,25.6,39.4,1.4,11.5,580.9,74.3,201.9,388.9,1.9,12.3,10.7,22.4,92.4,12.2,7.7,8.1,2.4,14.2,77.9,30.7,132.9,4.8,4.4,352.6,10.3,338.1,5.2,9.6,7.8,104.6,4.2,31.1,34.4,59.9,35.9,7.3,7.2,32.4,8.7,4.6,144.6,13.3,9.6,24.4,160.6,7.6,8.0,8.4,5.8,14.9,5.5,32.0,188.9,9.8,8.4,68.6,29.9,9.9,59.8,7.5,4.1,2.3,30.6
Eastern Market,74.1,28.8,70.8,10.5,94.9,92.9,51.8,30.0,14.3,41.5,52.1,75.2,34.4,50.4,23.7,12.9,170.9,9.5,59.7,87.5,42.7,29.0,165.3,33.6,53.6,10.6,41.1,607.8,157.0,165.6,455.4,9.4,43.9,38.6,49.4,144.7,67.3,17.3,19.0,14.6,38.6,31.6,57.5,177.6,34.8,68.8,389.2,25.3,369.5,77.4,31.5,49.0,19.9,7.7,137.4,25.1,111.2,122.9,44.3,21.1,49.5,33.1,14.0,163.5,33.1,43.4,48.6,184.6,19.0,99.7,21.3,26.3,56.2,12.0,80.0,54.9,13.7,35.0,78.2,31.2,45.0,65.5,21.0,17.1,10.9,52.2
Eisenhower Avenue,4.2,10.4,92.6,8.2,16.5,4.9,10.8,29.1,7.6,6.6,3.4,26.1,0.5,7.3,2.8,4.6,27.3,2.7,9.9,102.8,0.6,2.8,29.0,2.4,11.6,13.7,22.3,48.7,14.2,27.0,44.9,2.2,7.5,36.8,9.7,121.3,10.8,6.3,8.3,3.5,117.0,8.1,74.2,124.7,3.2,4.6,39.2,9.3,37.6,2.3,3.7,17.9,51.8,7.9,16.1,16.9,184.0,104.6,3.7,5.7,51.4,2.2,4.4,38.4,15.6,7.6,13.3,36.2,10.4,1.7,13.7,3.9,8.8,2.7,21.0,66.2,12.4,3.7,5.8,2.5,7.5,8.6,4.7,3.9,2.3,9.1
Farragut North,34.9,126.2,49.5,2.3,8.7,25.1,1345.2,29.1,238.3,445.8,13.8,45.4,16.4,2.9,831.1,261.9,259.3,66.0,4.1,39.1,9.5,5.5,267.9,4.4,35.8,21.0,186.0,2.1,30.4,32.2,17.8,341.8,530.3,16.7,1327.2,837.6,354.8,744.4,384.4,1146.5,167.3,486.3,38.4,86.4,22.0,49.6,7.4,349.4,590.1,20.6,18.6,88.6,131.8,73.8,71.2,530.5,52.2,64.0,31.7,251.1,34.1,397.2,504.2,13.3,2155.2,158.8,1342.7,47.2,169.2,22.0,163.1,767.3,710.6,525.2,138.1,2936.7,4.8,1071.4,14.7,2.6,109.1,10.4,219.0,413.4,492.1,849.8
Farragut West,276.0,156.6,29.0,32.5,1246.5,173.7,12.0,376.8,301.1,32.2,128.8,523.2,130.5,573.4,4.0,64.2,43.7,77.4,975.9,708.9,102.1,611.3,10.5,565.1,582.7,54.2,3.1,141.6,296.3,207.0,268.1,26.4,74.1,790.9,12.3,62.2,45.4,83.9,120.3,16.1,395.9,30.5,476.0,603.4,202.5,411.7,156.8,5.3,309.2,102.0,166.5,22.9,127.5,95.2,844.8,35.2,957.1,1149.7,349.1,68.7,183.0,51.3,14.4,1410.0,61.5,34.6,107.2,295.2,239.3,180.0,215.9,53.4,9.5,9.8,34.3,257.5,345.3,10.0,1639.9,454.2,130.4,1231.2,69.3,51.7,6.0,11.0
Federal Center SW,83.2,22.4,19.6,9.0,121.2,47.5,73.9,29.1,86.6,24.3,49.9,64.8,47.2,48.9,50.2,30.8,105.4,7.4,74.2,76.8,26.1,78.3,138.1,70.8,150.3,17.4,17.8,276.2,23.9,80.4,214.1,25.7,26.9,70.3,75.3,59.1,37.7,81.7,73.0,93.0,88.9,9.6,47.4,51.3,77.9,164.3,183.3,28.6,137.5,37.3,53.2,32.0,17.4,20.8,425.2,23.9,125.5,121.7,71.6,31.9,23.6,18.1,41.8,156.4,215.6,36.3,80.9,96.3,48.6,58.4,47.5,33.9,40.1,55.3,56.8,141.0,35.3,65.0,275.2,41.4,8.3,214.3,26.5,31.3,34.9,74.2
Federal Triangle,123.3,69.7,5.3,139.0,288.5,52.3,71.3,71.0,224.6,40.6,72.1,165.8,61.5,114.5,40.4,49.4,42.1,24.4,168.6,191.5,29.5,174.8,100.0,180.3,160.9,25.6,28.5,211.8,84.6,43.5,299.0,33.8,53.1,249.5,71.9,42.1,27.0,85.8,105.3,85.0,183.6,14.6,115.0,237.4,106.7,254.8,115.2,18.3,37.8,36.6,93.4,14.5,40.1,36.5,489.7,32.1,208.9,249.9,98.6,40.7,36.2,37.8,44.8,357.3,205.4,22.2,127.2,77.8,129.5,61.4,115.8,58.2,42.3,41.9,18.6,305.3,85.0,55.2,607.0,91.9,50.5,400.4,46.6,52.5,23.3,79.9
Foggy Bottom,147.1,203.1,80.6,81.1,808.0,159.1,148.9,259.8,206.6,187.4,102.4,489.8,85.5,348.2,58.4,122.4,221.3,92.1,601.2,649.8,67.3,377.9,93.6,343.8,428.0,42.1,19.8,219.7,236.8,331.0,165.6,69.5,177.9,445.0,116.9,288.4,134.3,152.1,151.6,93.7,324.2,130.6,414.1,376.5,86.9,209.0,525.9,52.3,758.4,110.1,107.5,65.9,171.9,81.7,436.5,151.7,664.6,1029.7,229.8,94.9,286.6,130.5,57.0,981.2,232.5,94.5,310.1,420.5,206.1,132.4,159.1,171.6,82.2,44.2,113.3,714.9,201.6,88.1,979.9,315.9,123.7,729.0,109.3,92.2,49.7,123.9
Forest Glen,1.2,9.8,10.5,0.6,18.8,2.4,5.8,3.3,2.1,49.2,0.5,16.4,0.4,3.7,8.9,18.2,26.2,3.0,8.7,31.6,0.6,2.3,103.6,1.7,9.7,2.1,343.3,13.1,20.8,26.0,68.1,18.2,22.2,4.2,7.5,182.0,11.5,35.5,10.8,0.8,2.0,119.7,16.6,75.8,1.3,2.4,29.4,2.5,255.6,1.7,2.5,7.7,47.6,2.5,3.8,42.3,18.7,17.3,3.0,8.0,16.7,14.1,1.3,30.6,3.8,8.0,104.6,48.4,4.0,4.0,15.5,22.8,7.0,0.5,29.1,241.7,0.8,7.8,2.4,4.4,6.2,4.9,11.8,24.4,2.9,17.9
Fort Totten,28.1,176.8,98.1,1.5,50.7,41.4,34.8,15.4,32.5,167.1,20.3,35.8,5.1,15.7,18.7,65.3,628.8,65.1,23.7,75.5,22.3,15.7,270.3,9.5,39.9,9.1,575.7,55.1,22.5,51.6,194.5,20.5,69.2,15.6,36.8,460.9,205.5,61.4,115.6,7.1,31.2,183.0,41.6,221.9,9.6,28.6,80.9,26.8,362.0,54.2,13.7,88.8,154.8,47.3,20.8,253.8,72.4,76.8,45.6,166.3,59.1,209.0,19.6,68.2,33.5,107.5,285.0,44.8,89.1,22.7,69.8,93.7,79.4,7.9,287.3,549.4,11.6,43.4,17.3,9.7,82.2,32.1,103.7,105.0,11.8,43.9
Franconia-Springfield,18.5,29.1,236.4,27.6,108.7,14.2,30.6,111.7,15.9,27.9,10.2,109.8,7.5,53.8,10.8,14.8,49.6,10.2,62.2,528.8,4.2,13.8,94.8,12.6,43.6,37.1,30.2,822.9,82.5,258.4,497.7,3.9,16.0,53.3,27.6,338.8,17.0,14.2,27.4,7.1,83.1,58.4,458.3,387.2,7.5,20.8,523.0,43.7,377.2,13.6,21.1,35.5,209.4,12.4,36.9,76.8,933.0,303.6,15.5,19.3,249.9,18.4,8.3,396.3,27.8,26.1,49.9,237.1,20.2,14.1,25.5,11.2,29.6,11.9,50.4,237.3,130.6,24.4,26.4,26.2,20.1,38.7,10.4,12.9,10.6,56.4
Friendship Heights,27.3,44.9,30.2,4.9,55.7,25.8,497.5,13.1,45.9,63.6,18.4,77.3,10.3,21.5,165.5,30.2,55.3,22.2,39.0,53.2,5.9,13.3,817.2,18.1,44.4,9.4,1300.1,16.5,69.9,74.0,128.7,9.2,31.2,26.8,60.3,480.1,26.3,14.1,39.7,172.4,36.0,234.0,35.3,134.9,17.2,35.6,41.4,266.6,775.4,18.8,16.4,31.5,98.3,28.5,51.8,77.6,62.8,67.5,30.5,33.5,61.2,66.2,196.4,83.5,388.1,34.4,39.5,123.9,49.8,20.5,55.3,35.5,200.6,182.9,51.0,530.5,11.3,194.3,26.5,14.0,32.1,36.8,25.6,12.3,177.0,275.2
Gallery Place-Chinatown,74.7,464.4,75.9,29.3,216.3,75.5,483.4,235.2,482.8,356.4,44.7,182.4,38.8,84.4,249.2,370.9,1126.5,171.8,152.7,482.8,37.4,107.9,1022.5,103.3,126.3,108.4,1125.9,93.8,87.5,74.3,336.4,164.7,296.1,314.4,450.6,326.1,404.9,346.4,554.4,321.3,555.6,95.5,349.1,965.5,64.4,158.7,102.0,141.2,185.3,56.0,48.4,76.4,548.9,190.7,254.1,365.2,722.7,836.9,91.1,298.7,193.2,247.2,188.0,255.6,655.0,323.8,672.2,215.8,365.2,60.6,414.7,305.3,364.0,157.8,665.1,1557.3,103.4,310.7,377.8,68.0,314.4,262.0,223.0,222.7,145.3,418.6
Georgia Avenue-Petworth,21.7,239.9,144.9,1.6,31.7,59.9,23.8,14.8,42.4,70.0,29.3,63.4,6.1,13.0,8.5,85.4,386.6,80.2,17.9,53.4,31.9,11.0,109.7,7.7,57.9,10.1,257.5,42.0,23.0,19.5,125.9,8.8,161.9,12.5,25.8,414.1,49.5,31.8,84.3,3.6,28.1,34.0,40.4,188.7,11.5,29.1,35.2,12.4,84.8,67.2,14.1,109.6,107.4,57.4,31.0,74.7,64.1,89.6,42.9,172.2,53.0,106.2,7.6,62.3,18.0,84.2,96.0,30.7,78.7,35.8,79.6,32.5,42.1,6.6,238.1,187.5,8.6,27.2,15.5,8.2,84.2,15.5,140.1,51.9,7.4,17.5
Glenmont,5.8,22.7,27.2,1.9,56.5,6.9,14.9,11.4,8.4,122.4,4.4,32.1,2.2,14.6,11.5,30.7,60.8,6.8,24.6,75.4,2.8,13.4,208.4,8.0,16.9,7.0,765.2,41.0,71.4,73.4,144.5,30.5,62.9,11.6,19.8,406.1,28.9,42.3,28.6,1.6,10.7,287.5,47.0,255.5,4.5,9.5,91.4,5.1,535.7,11.3,7.4,20.6,125.8,6.4,12.7,167.0,79.9,47.5,4.7,39.9,44.7,46.8,2.9,89.4,6.1,27.0,413.2,130.7,13.4,4.9,17.4,78.9,18.8,1.5,59.4,536.9,5.9,18.8,12.0,13.1,26.0,14.7,21.1,142.4,2.2,45.0
Greenbelt,19.3,57.5,333.0,6.6,51.6,12.1,36.9,13.5,33.8,65.1,6.8,47.5,2.8,16.3,9.2,107.0,244.6,23.1,22.7,128.1,5.3,14.9,142.1,9.7,22.4,7.9,367.0,116.7,63.9,97.4,163.8,9.0,121.6,25.0,36.9,610.7,86.6,30.0,45.2,8.6,19.8,85.4,61.2,531.3,5.3,25.2,124.2,29.1,195.4,9.2,10.0,149.1,195.6,30.2,8.9,82.3,160.1,90.1,12.3,209.9,46.4,36.8,18.5,86.8,32.6,78.9,174.2,147.1,41.4,5.1,59.2,37.6,22.7,7.7,181.4,243.7,9.2,18.4,17.5,16.8,38.7,21.5,108.9,43.6,9.4,29.9
Grosvenor,5.4,9.0,17.7,1.3,25.6,1.9,284.9,5.0,8.3,19.5,2.8,45.9,1.1,10.4,55.2,10.6,10.4,3.4,15.7,36.4,1.0,3.4,515.7,2.4,15.7,2.0,1077.1,17.4,82.4,72.9,96.6,1.5,6.6,6.6,188.1,365.5,3.6,1.1,6.8,25.6,5.2,166.3,29.5,155.1,1.8,5.6,35.6,250.1,612.7,2.4,7.1,11.3,98.8,4.6,8.9,54.2,29.4,18.3,3.4,2.0,41.9,11.3,66.8,46.9,93.2,10.3,11.9,129.9,7.5,2.9,12.7,2.9,126.8,43.7,33.4,341.2,2.7,61.9,8.5,4.6,15.2,3.9,2.4,1.2,36.2,114.3
Huntington,12.3,40.5,478.3,14.7,84.1,11.4,37.1,132.2,11.4,30.6,5.9,139.0,8.8,33.7,8.7,13.4,76.0,13.0,47.7,452.2,5.7,23.6,125.2,14.9,40.1,143.5,181.4,364.7,82.6,164.4,322.6,2.7,25.9,71.3,37.2,622.1,28.3,10.0,18.4,4.4,76.1,53.5,484.6,679.1,4.9,7.0,289.5,40.6,168.0,11.6,7.6,70.8,201.2,19.0,25.2,81.7,749.6,376.6,21.7,17.6,183.4,18.7,10.8,238.2,20.5,25.9,62.3,154.8,26.6,7.6,30.9,11.0,33.9,11.7,67.8,322.2,51.9,23.8,27.0,16.7,23.4,37.2,10.0,12.5,11.9,33.3
Judiciary Square,35.2,92.3,5.2,4.5,130.6,53.0,203.5,22.3,107.3,222.3,28.6,10.8,9.9,47.1,156.6,51.1,112.4,31.8,109.9,42.3,22.5,69.0,481.7,82.2,26.6,10.8,474.0,28.3,9.4,20.8,135.9,126.3,206.5,61.3,205.3,63.4,53.7,310.7,89.9,162.9,71.6,56.3,35.0,40.4,32.0,82.3,54.7,52.6,250.9,32.6,30.6,26.1,25.8,37.3,94.2,160.3,100.5,90.9,36.5,41.2,13.1,236.5,83.4,141.8,344.3,34.7,515.6,21.0,87.7,27.2,80.8,282.8,167.3,71.8,63.8,805.8,25.0,184.9,277.5,59.8,38.9,203.7,36.7,161.6,66.3,182.1
King Street,23.2,44.2,284.2,63.9,130.3,16.8,53.7,132.9,26.6,24.5,15.2,152.8,5.8,65.0,20.2,37.6,140.5,15.6,90.8,406.4,8.4,46.6,117.9,36.5,59.7,95.6,41.3,482.9,43.0,121.8,477.2,16.9,36.7,449.2,38.1,377.9,48.2,50.0,63.5,34.5,508.8,31.6,64.1,363.2,10.4,29.3,310.9,20.3,184.2,13.7,13.3,108.8,130.3,30.9,53.8,54.6,311.3,438.3,29.2,34.4,290.8,21.0,21.7,346.8,113.6,53.6,91.3,194.4,47.1,24.2,43.6,34.5,37.9,24.5,129.9,304.1,180.2,25.9,89.8,51.1,35.6,87.8,21.4,27.6,22.8,64.9
L'Enfant Plaza,120.0,239.8,234.7,39.6,235.7,67.5,116.8,247.4,627.3,79.4,74.0,166.9,75.4,91.2,74.0,231.9,519.2,87.2,151.4,623.5,50.7,166.9,222.8,131.2,156.0,138.4,63.2,510.8,42.9,214.4,337.6,78.3,206.5,406.2,121.0,670.7,214.4,270.0,551.9,168.8,727.7,30.5,348.7,168.0,114.4,282.3,426.3,49.4,298.7,82.8,99.5,180.3,506.1,125.2,623.8,100.6,970.0,940.2,92.7,217.1,180.1,78.4,78.5,287.5,432.1,183.8,303.9,89.2,331.2,81.8,357.2,138.4,65.2,72.3,318.8,732.0,143.6,95.1,523.3,97.0,111.9,397.0,165.3,112.8,63.8,99.8
Landover,8.0,23.4,37.5,1.1,42.2,7.4,13.2,5.7,9.9,13.4,5.5,33.2,8.9,8.3,4.4,2.3,31.0,6.0,9.8,26.7,39.7,12.9,25.6,5.1,38.9,2.9,23.3,211.3,78.2,109.6,95.4,2.5,10.6,9.5,16.8,63.6,14.6,6.5,4.7,2.3,9.4,23.1,8.3,125.3,15.0,12.3,136.9,14.0,148.4,95.7,3.7,11.3,23.2,7.5,118.4,22.5,30.1,33.1,26.3,13.0,12.1,8.3,8.1,38.3,11.4,21.5,20.5,86.0,16.6,29.3,13.1,4.5,8.2,3.7,18.2,34.4,2.7,7.5,7.8,10.9,11.1,24.4,3.0,7.9,4.3,5.7
Largo Town Center,247.9,50.8,95.2,4.0,45.4,90.3,27.9,6.9,32.9,35.7,95.8,79.3,8.3,14.9,5.3,14.4,40.1,18.3,19.9,79.1,14.9,12.5,58.8,5.0,78.3,6.6,43.0,430.7,160.8,269.0,226.1,3.4,29.7,17.8,37.4,147.6,33.2,9.3,20.8,5.5,8.9,79.1,27.0,291.7,11.1,55.8,285.9,34.9,276.1,32.9,55.4,15.6,48.6,24.2,46.6,68.6,113.2,82.7,55.7,28.0,38.7,25.0,14.3,102.6,20.8,36.3,52.1,191.2,45.1,57.0,23.2,15.7,22.9,7.2,38.5,133.8,9.5,22.3,12.5,14.2,19.1,25.2,15.6,12.9,16.9,18.5
McPherson Square,165.1,161.9,35.1,57.3,784.0,113.7,51.6,232.1,284.3,63.0,100.2,444.4,80.9,384.6,22.9,63.3,21.2,55.6,614.4,403.5,58.3,387.5,41.9,368.8,413.4,46.7,10.1,148.0,217.9,129.2,547.9,41.0,91.3,535.4,48.6,87.6,45.1,122.1,128.8,49.9,307.9,63.0,324.1,503.0,142.5,294.0,87.0,11.3,136.7,86.0,133.6,14.3,139.1,86.1,595.7,79.4,618.3,680.3,210.5,79.0,220.1,65.9,28.2,922.8,181.1,25.0,181.3,262.5,202.9,132.9,171.3,74.5,28.9,25.5,18.2,439.7,206.1,30.5,1066.3,288.6,103.1,864.3,55.4,58.1,19.8,35.6
Medical Center,27.2,49.8,7.1,1.7,24.4,15.4,225.5,12.8,90.1,42.8,20.3,15.8,11.9,10.5,117.6,19.3,23.5,17.2,13.0,25.1,16.5,11.0,335.1,9.9,21.4,8.5,277.0,4.9,26.3,17.9,40.3,1.7,30.4,43.8,253.6,124.7,14.4,5.6,31.1,286.4,49.9,53.3,19.1,49.8,12.0,34.3,8.3,21.9,179.3,14.3,14.6,11.3,33.4,31.1,59.4,45.5,80.0,37.3,23.0,17.2,28.8,43.1,298.5,37.3,630.1,17.6,11.3,34.4,58.3,8.0,63.4,13.0,141.8,513.6,23.8,248.4,13.5,142.2,38.4,4.8,18.1,22.7,13.3,2.0,208.1,190.8
Metro Center,156.1,131.5,28.1,100.5,620.7,123.2,743.8,119.3,197.6,315.9,93.7,395.0,74.9,282.6,473.3,116.1,188.6,53.2,464.1,239.6,60.4,292.2,1181.0,294.7,333.5,33.1,709.2,370.0,197.1,58.9,803.8,240.5,337.1,322.9,764.7,172.2,123.2,505.2,215.3,612.4,187.1,301.5,174.8,362.2,135.9,243.1,146.3,202.2,221.0,94.4,116.0,36.6,91.5,62.5,542.2,423.5,318.5,409.5,185.0,137.4,162.4,290.9,267.1,743.5,1198.5,93.2,944.2,328.5,162.3,119.7,159.4,490.7,464.8,273.9,98.3,1950.3,119.6,600.1,893.9,234.1,87.5,649.2,140.8,297.4,254.9,673.1
Minnesota Avenue,33.1,128.1,36.4,0.3,30.9,15.2,14.7,8.0,15.0,54.2,12.8,36.1,44.3,11.2,5.8,5.0,111.4,65.0,11.5,16.0,105.2,11.4,38.9,6.5,81.6,4.2,19.1,114.6,42.4,49.4,120.4,2.7,49.7,15.3,21.8,57.3,71.1,10.6,9.7,3.0,17.0,33.2,12.8,86.1,84.6,25.7,95.2,18.0,102.3,49.1,8.2,26.6,21.1,26.3,237.7,30.0,26.8,38.8,113.1,24.7,13.0,60.2,8.7,34.5,19.8,58.5,38.0,36.9,50.2,97.0,31.3,22.1,28.6,5.9,54.3,45.3,8.4,19.8,18.5,6.1,27.0,23.2,12.7,11.8,9.1,9.7
Morgan Blvd.,61.6,17.6,45.3,1.1,28.3,31.5,27.0,4.7,9.0,8.1,23.0,47.0,2.5,8.3,3.5,9.3,22.7,6.0,15.6,32.6,6.3,12.5,29.7,10.5,42.4,4.6,13.0,190.6,50.1,94.7,114.3,3.1,13.6,22.4,15.4,59.8,14.4,8.1,11.4,9.1,8.8,27.4,13.7,98.9,5.8,47.8,135.1,14.3,144.0,10.2,15.9,8.3,19.0,4.7,36.9,21.1,31.1,45.1,26.4,15.3,9.3,8.9,7.0,58.2,20.9,14.7,25.9,79.6,12.1,26.3,5.5,6.0,10.5,6.2,23.0,56.1,3.7,6.7,33.2,7.8,8.0,17.9,5.8,5.9,8.2,10.9
Mt. Vernon Square-UDC,14.1,140.3,79.3,4.7,31.1,30.6,36.7,35.2,48.6,21.7,15.4,67.8,7.3,14.2,9.7,80.0,336.3,46.9,16.0,109.6,14.6,8.5,54.0,8.7,46.6,22.1,82.2,21.0,28.6,13.0,69.8,10.3,70.5,31.7,37.7,78.0,125.1,18.9,156.4,14.0,62.2,20.6,100.1,174.5,11.2,17.6,13.2,14.2,35.1,26.0,9.4,39.4,151.7,41.0,30.7,31.9,95.0,146.1,24.3,88.8,81.0,30.8,11.2,43.3,35.1,41.1,69.1,24.5,61.9,17.7,71.5,25.7,31.9,9.1,157.5,133.7,11.7,23.7,26.4,6.0,67.5,23.1,75.5,21.8,10.6,18.9
Navy Yard,13.8,250.4,262.4,5.2,157.1,27.3,138.0,97.5,232.5,46.2,11.9,26.9,9.9,68.9,44.3,102.3,290.1,72.0,116.3,223.4,10.6,95.3,208.2,97.8,16.8,48.8,202.6,148.3,20.6,52.9,194.9,44.7,125.6,210.4,98.7,535.9,112.5,128.1,212.8,102.7,207.5,26.6,134.4,549.7,23.1,48.8,146.2,37.1,123.7,16.4,19.0,145.9,100.8,77.2,124.2,57.5,282.3,328.0,10.4,75.9,55.9,43.6,56.4,154.6,249.8,94.7,145.5,57.7,144.2,36.7,200.1,58.8,85.6,37.3,239.3,236.2,55.4,59.3,321.4,58.1,110.1,174.0,58.5,52.5,30.6,70.5
Naylor Road,6.5,136.0,135.9,1.9,31.4,16.6,23.8,9.8,56.0,34.4,7.6,16.7,3.5,7.7,2.2,16.7,119.5,47.9,9.6,37.0,10.5,9.6,48.6,3.7,7.2,9.3,104.8,82.1,18.0,29.9,78.7,2.6,45.1,13.8,27.4,243.5,54.6,7.9,31.4,4.8,15.8,30.2,25.1,132.4,7.6,25.3,73.1,28.2,62.8,23.7,5.3,39.6,76.1,26.1,36.7,38.9,63.6,61.2,4.8,42.9,17.2,36.5,6.7,30.8,13.7,60.3,51.2,32.5,83.9,16.8,113.5,15.7,21.5,13.2,62.7,97.1,6.6,17.3,12.2,4.8,47.0,17.4,19.1,13.0,13.9,9.5
New Carrollton,80.4,67.3,139.7,7.6,162.1,29.3,55.5,19.9,35.9,28.5,24.1,237.9,49.5,42.8,14.8,4.1,57.6,28.2,70.3,144.6,129.3,63.1,137.2,29.4,135.1,14.5,60.4,851.5,381.5,493.8,451.6,4.2,21.6,32.1,58.0,251.1,30.7,15.9,7.4,10.4,29.0,92.2,58.7,601.5,131.4,45.1,580.4,59.4,578.0,261.8,34.9,28.6,116.3,39.8,53.5,46.8,237.7,132.1,103.8,10.8,53.8,13.6,20.3,270.5,46.2,43.5,41.0,480.4,60.9,80.6,55.9,9.7,42.3,19.2,48.9,127.1,14.2,27.7,78.6,47.1,38.6,98.2,6.7,17.0,27.3,56.4
New York Ave,35.1,92.1,27.0,3.8,79.9,35.6,91.7,32.6,110.0,153.8,24.9,20.8,8.6,30.7,42.3,52.6,132.8,35.5,50.3,65.2,19.1,45.1,250.9,33.6,19.0,17.6,466.8,27.3,21.2,32.9,131.4,40.1,197.0,75.2,66.4,356.1,73.5,171.6,84.2,52.2,88.7,144.7,48.2,107.6,18.8,66.0,65.3,34.6,375.5,23.1,17.7,25.4,48.8,35.6,44.4,51.7,129.9,111.1,30.3,60.5,37.5,149.7,31.3,82.7,156.3,15.8,318.8,64.3,94.8,15.6,66.5,154.9,75.3,36.2,46.5,616.0,31.2,52.2,155.0,31.6,44.3,119.6,56.5,91.2,29.0,58.4
Pentagon,56.0,137.8,511.2,117.2,153.4,31.4,67.6,170.7,268.8,64.8,20.9,204.6,29.3,70.3,27.4,54.4,175.0,35.4,125.6,993.3,26.6,78.0,175.9,59.6,106.4,189.1,41.0,945.6,121.0,197.2,643.3,23.6,80.9,950.5,54.1,693.6,66.9,85.8,162.9,32.2,789.0,85.8,298.2,977.9,30.0,116.3,594.5,81.7,291.2,21.2,33.5,98.0,266.0,65.6,245.4,134.3,55.1,665.8,55.5,42.4,131.1,44.7,27.6,556.0,143.0,74.7,146.8,118.4,120.6,46.8,142.2,39.0,51.6,24.0,120.1,673.5,192.8,44.7,335.6,51.4,68.3,177.7,44.6,34.3,23.7,52.6
Pentagon City,57.3,109.6,629.5,198.8,153.5,49.1,80.2,107.9,91.6,72.8,35.2,296.7,21.8,85.2,31.3,48.3,238.3,49.5,125.1,558.4,19.8,58.5,279.1,31.8,111.9,78.4,83.9,1233.1,130.3,295.4,1191.7,14.0,61.4,229.6,65.8,910.6,81.4,42.5,81.8,15.0,272.2,78.9,404.1,1014.3,25.9,75.7,675.9,42.7,456.1,37.0,44.2,126.9,330.2,49.7,121.4,113.7,729.3,95.6,54.6,63.2,238.7,44.5,25.5,636.0,64.6,109.7,128.5,381.0,109.1,38.1,128.9,35.8,76.9,14.2,216.0,537.9,97.5,55.5,99.2,47.1,70.4,97.7,43.7,25.0,19.0,88.3
Potomac Avenue,46.3,20.5,41.5,0.8,45.9,81.8,26.7,11.5,6.0,45.9,30.8,78.4,15.4,14.7,7.2,5.3,86.0,18.9,21.3,39.9,28.4,10.1,71.9,5.6,51.0,4.9,27.9,313.5,74.8,92.9,221.2,3.6,40.7,10.8,30.4,98.6,43.0,4.9,10.6,4.1,15.3,30.7,26.4,87.7,21.8,46.1,193.7,18.1,212.5,89.9,20.0,23.4,10.3,4.6,94.0,35.6,55.0,65.0,28.5,16.7,25.2,38.0,6.3,67.5,14.3,41.3,43.5,77.9,13.1,85.1,15.3,14.5,34.0,5.7,56.6,58.9,7.3,25.3,11.4,6.0,16.3,21.5,9.2,7.6,10.2,22.8
Prince George's Plaza,22.7,84.8,141.1,0.5,30.8,32.9,18.9,7.4,46.0,65.6,15.2,43.4,3.4,11.4,9.2,97.1,399.4,32.9,11.4,47.2,11.1,13.5,113.1,7.3,16.6,6.3,244.8,67.6,29.1,40.7,105.7,8.7,160.7,17.0,31.3,352.4,187.5,33.4,195.1,4.1,18.7,39.7,29.7,225.1,10.7,27.3,65.4,19.4,119.1,21.9,12.3,88.1,70.8,40.2,9.2,68.9,41.3,70.3,14.5,47.8,30.5,47.6,10.8,51.3,28.5,143.8,125.4,45.2,70.8,10.4,79.0,39.3,19.2,6.1,210.7,199.7,6.2,22.3,12.0,6.0,42.8,16.4,152.2,43.6,8.2,19.4
Reagan Washington National Airport,17.7,30.9,118.5,15.2,124.2,13.8,102.7,84.7,33.2,28.1,9.5,68.5,5.1,28.9,28.5,36.0,154.7,17.5,59.8,256.2,9.3,38.3,130.6,28.9,52.2,57.3,39.0,237.4,35.9,52.7,287.1,19.1,52.6,239.5,60.7,215.3,60.1,40.2,48.6,41.3,176.3,17.9,290.3,230.3,11.1,36.7,214.1,42.7,164.8,10.1,9.8,77.1,69.8,17.1,48.8,46.5,191.3,229.9,32.9,36.4,45.9,19.2,26.7,209.0,90.0,55.1,117.7,63.2,37.1,17.8,38.2,44.7,41.6,36.1,94.2,198.5,91.7,41.3,80.5,37.1,30.3,55.6,25.4,19.4,44.2,78.0
Rhode Island Avenue,29.6,176.9,20.1,0.6,26.1,62.2,50.3,7.6,26.3,103.9,23.3,17.1,6.4,9.0,17.0,15.8,183.7,71.6,14.7,30.6,31.0,10.7,205.4,7.4,27.4,3.4,401.8,31.2,17.6,38.9,125.0,13.2,204.7,17.7,62.4,280.0,109.4,51.3,33.1,8.8,18.9,218.4,22.7,85.7,7.8,26.2,58.8,37.0,303.4,57.7,8.4,29.8,43.5,39.1,16.5,179.2,49.3,55.7,41.1,45.1,18.5,69.9,19.5,42.1,40.8,48.2,224.2,34.7,79.3,20.7,55.2,126.8,62.2,15.9,72.0,408.4,7.0,44.1,12.4,7.1,50.0,22.3,34.9,69.8,20.7,44.7
Rockville,12.0,17.8,12.3,1.0,30.7,10.3,341.0,4.8,17.9,32.5,9.4,32.2,3.5,8.1,44.7,24.0,16.3,7.9,13.2,36.4,2.3,10.4,325.4,4.4,15.6,4.3,506.6,14.0,39.2,39.2,62.4,1.5,17.7,9.2,212.2,216.9,6.7,2.3,19.2,76.2,10.8,95.1,21.7,79.2,8.4,14.4,20.3,303.8,277.1,10.6,6.3,12.4,56.1,7.4,23.6,35.2,26.7,29.9,7.7,11.7,31.1,22.7,33.7,46.4,359.7,14.3,30.8,78.0,17.8,3.7,19.4,14.2,106.2,190.0,21.2,194.7,4.7,64.1,14.7,5.6,11.7,16.2,8.1,2.9,203.3,92.7
Rosslyn,69.9,66.6,57.9,102.2,549.3,30.7,83.6,160.7,112.4,70.5,25.5,232.9,33.1,217.9,43.8,39.2,118.0,18.0,185.6,530.0,26.0,238.7,171.5,138.6,159.9,39.3,22.6,1173.9,133.8,297.0,977.6,34.4,68.2,382.1,77.2,208.5,79.7,99.3,93.8,48.6,254.1,113.5,330.0,301.4,39.0,106.1,819.6,37.1,769.9,38.8,57.7,45.4,159.0,29.8,287.9,82.0,592.6,774.2,85.3,59.6,222.1,50.9,45.2,96.7,173.8,51.0,171.4,353.7,75.5,40.9,87.7,71.3,48.4,33.3,96.8,574.1,144.5,66.2,671.6,200.3,53.3,477.5,41.2,58.4,27.9,102.8
Shady Grove,19.2,36.2,56.3,7.6,86.9,12.5,564.0,10.1,26.9,79.4,11.9,87.5,9.6,24.0,73.3,41.2,40.5,11.8,50.0,147.9,7.1,26.7,754.9,12.4,30.4,16.8,2069.5,68.0,187.8,196.8,251.4,3.1,33.7,27.7,412.4,732.5,24.2,6.9,28.3,101.7,19.9,367.9,110.0,447.1,11.2,20.6,148.0,619.9,1181.6,15.1,20.2,31.5,248.1,13.3,42.9,160.5,137.0,68.6,13.4,29.7,102.2,46.6,381.8,171.4,71.3,41.0,71.7,398.8,26.3,14.6,57.7,31.2,220.8,411.9,68.7,603.6,8.6,121.6,24.0,21.3,40.8,33.7,12.3,8.6,451.4,213.7
Shaw-Howard University,21.2,198.2,104.8,1.1,29.7,65.9,31.9,17.6,51.3,28.6,29.3,35.4,8.8,15.4,10.5,51.1,306.9,78.9,24.9,62.1,23.4,11.5,43.3,7.7,30.1,7.6,121.4,26.6,21.8,18.3,90.3,7.6,106.7,23.9,28.7,314.9,69.7,28.7,77.0,9.5,22.9,28.7,43.0,150.3,19.8,30.7,20.4,17.1,70.8,47.9,14.0,42.8,91.6,59.0,39.8,18.5,67.8,101.7,49.7,136.0,41.7,43.3,14.4,46.4,39.3,53.7,81.8,29.4,93.0,27.0,80.7,29.4,37.2,8.4,36.2,142.0,11.7,28.7,25.8,5.3,84.1,29.6,67.4,25.5,9.1,12.3
Silver Spring,40.8,102.9,60.4,5.2,109.7,34.6,22.3,35.6,91.4,463.6,26.5,62.0,7.4,31.9,48.7,165.9,222.9,34.5,54.0,104.9,18.2,38.7,558.1,27.6,57.6,14.1,1346.2,68.8,70.4,115.7,294.8,95.7,245.4,51.2,45.7,775.3,113.5,421.0,181.8,9.1,64.7,459.4,87.0,289.2,19.0,47.0,129.4,11.5,937.9,31.5,23.8,68.8,142.3,45.8,37.4,330.6,140.1,147.2,43.7,133.8,116.1,232.9,29.8,163.7,72.2,78.7,155.5,190.0,86.1,27.2,111.0,254.5,83.1,9.6,215.0,1280.7,21.0,77.7,64.7,31.9,65.6,66.8,116.0,326.2,11.6,111.4
Smithsonian,87.3,58.6,28.2,200.5,298.6,59.1,178.7,69.5,230.3,65.1,55.7,296.6,63.4,99.3,89.8,92.2,76.6,31.0,172.9,308.5,28.4,218.1,349.1,170.7,188.0,37.7,60.9,315.8,96.0,69.9,410.5,58.4,54.3,264.8,128.2,126.0,39.8,155.5,164.1,154.0,171.5,27.5,178.5,105.5,85.4,199.4,272.0,46.1,276.2,39.9,76.2,26.1,46.3,36.9,520.5,86.4,151.1,321.2,90.0,47.2,59.7,39.3,87.3,426.9,478.3,33.2,224.6,99.9,86.8,74.4,72.2,117.3,101.2,87.7,55.8,513.4,95.5,104.0,636.1,82.8,31.8,381.2,35.3,66.3,52.5,299.4
Southern Avenue,13.1,114.6,292.5,1.6,54.6,31.6,36.2,14.1,55.4,56.7,13.9,50.8,7.3,10.1,8.2,23.7,162.0,44.0,15.7,49.5,17.6,15.8,86.2,6.2,18.2,9.8,200.2,195.6,44.4,115.3,202.1,4.4,84.7,22.6,47.4,412.0,87.4,13.8,38.0,9.2,22.2,66.4,38.4,326.3,13.4,36.3,179.0,55.4,153.2,49.4,12.2,67.0,149.1,76.4,56.5,89.8,120.4,117.1,11.7,73.0,34.5,67.2,16.8,65.3,25.7,88.5,82.3,75.8,38.1,29.2,105.2,20.6,33.7,11.8,92.8,196.2,11.2,27.5,14.3,12.8,83.6,32.7,19.9,22.3,24.8,17.9
Stadium-Armory,83.2,64.0,31.5,0.8,28.2,92.2,17.7,12.1,13.2,23.0,37.9,51.5,11.8,10.2,6.6,4.3,79.0,32.3,19.5,28.4,44.7,10.4,42.1,8.2,99.7,1.5,14.7,174.6,55.5,61.5,125.1,4.5,27.4,14.2,19.8,62.3,37.2,4.0,6.6,2.6,8.0,24.3,22.9,86.9,24.1,50.7,109.3,8.3,121.8,99.8,24.2,17.1,28.2,15.0,74.1,18.4,43.1,43.4,87.6,10.7,13.5,20.0,3.6,39.8,15.8,27.0,30.1,67.5,36.5,44.7,21.7,9.6,19.9,4.6,37.3,25.6,8.4,19.2,19.4,7.2,30.9,17.4,5.0,3.5,6.4,13.9
Suitland,5.5,229.1,317.4,1.8,59.0,19.3,42.8,19.2,101.9,36.6,7.3,31.2,6.9,13.5,16.8,37.6,199.8,100.8,29.1,91.6,8.2,21.5,95.5,8.9,20.4,11.9,195.8,176.3,43.8,99.8,155.2,16.5,65.9,22.3,56.2,477.5,86.6,18.2,59.1,12.6,29.9,52.8,45.0,360.8,10.1,25.4,152.9,64.7,145.5,30.8,6.4,73.3,207.8,127.4,56.0,70.6,148.1,141.6,17.5,82.7,45.3,57.1,19.3,80.0,51.3,85.9,115.8,63.8,120.2,20.6,43.6,23.5,33.6,17.3,104.4,216.0,14.4,34.8,32.3,17.7,83.3,53.0,30.7,25.7,27.0,33.1
Takoma,10.5,43.1,19.3,1.5,43.8,17.3,23.3,9.0,11.0,161.8,13.2,30.7,3.0,10.8,17.5,35.8,132.4,20.3,18.8,46.6,9.8,12.9,340.0,4.8,21.2,3.7,754.3,31.0,31.4,51.2,158.1,23.2,92.3,9.3,38.5,338.3,38.6,74.2,37.9,3.4,9.7,251.6,29.5,134.0,3.2,12.9,49.2,10.4,489.0,20.8,5.5,20.9,57.3,16.5,8.9,176.4,35.6,40.8,17.5,39.2,39.8,123.8,15.3,66.5,30.6,31.2,252.3,94.3,22.9,11.5,25.8,39.8,71.1,4.8,85.5,595.0,6.1,42.2,18.1,10.5,32.4,15.2,22.5,106.5,4.8,51.1
Tenleytown-AU,22.6,66.8,22.1,2.9,39.0,33.5,380.9,18.6,38.4,92.7,18.4,85.1,8.2,13.9,138.5,24.6,46.9,33.9,33.6,40.9,19.3,16.4,561.8,14.2,53.7,10.6,734.8,13.6,43.6,48.9,100.9,8.2,84.5,31.5,208.7,387.0,51.8,16.1,26.8,107.7,38.7,178.9,41.6,91.8,9.7,25.2,28.1,157.9,513.5,24.5,12.1,31.4,89.2,23.1,44.5,91.8,57.3,82.7,44.5,24.3,32.5,79.0,114.9,53.9,218.4,39.4,83.9,95.6,42.3,21.0,39.4,64.9,52.9,106.3,51.5,497.5,12.2,191.0,44.3,13.1,72.4,29.4,24.6,16.6,93.7,266.1
Twinbrook,8.1,15.0,10.0,1.1,25.5,6.5,330.6,6.8,15.3,18.8,5.4,21.1,3.4,8.5,48.1,12.0,15.9,3.1,13.7,26.0,4.4,7.8,310.8,4.9,14.8,4.5,514.7,9.0,46.5,42.6,51.8,0.9,7.8,9.9,187.3,174.6,7.5,1.0,8.0,46.0,12.7,76.3,24.4,80.5,4.9,7.4,21.3,447.6,278.7,6.7,6.8,9.0,40.3,11.4,18.4,40.5,21.1,14.6,7.7,7.8,32.2,18.2,192.9,34.8,429.7,7.9,9.7,69.4,11.4,6.5,16.5,3.2,105.9,26.3,21.1,174.5,1.6,61.3,7.0,5.6,11.2,8.5,6.9,1.8,74.3,83.8
U Street-Cardozo,20.2,167.1,269.5,4.3,51.6,64.2,52.6,40.0,57.8,66.5,24.8,127.0,9.8,25.2,18.0,163.7,299.3,69.5,38.1,143.1,18.6,14.6,61.2,16.4,67.2,15.5,152.6,39.6,48.5,26.8,126.9,25.4,198.3,28.6,43.1,761.2,211.7,45.3,149.4,17.4,48.2,50.7,104.5,320.5,18.2,31.0,20.9,23.2,88.8,48.1,19.4,156.4,253.8,52.6,37.3,53.4,117.9,175.6,57.1,187.8,84.8,70.5,18.2,80.5,49.3,46.5,163.2,67.8,91.3,37.6,80.3,73.8,51.6,14.7,88.5,297.3,15.8,33.1,38.8,12.5,137.5,29.0,130.9,48.5,13.3,20.7
Union Station,73.7,215.7,134.8,74.7,401.8,39.5,578.1,171.4,268.2,647.8,32.5,45.4,29.4,150.8,308.1,221.9,618.1,85.1,260.3,508.4,27.0,226.8,1726.0,184.8,39.6,65.7,3014.6,194.3,149.7,319.5,717.2,234.2,526.9,233.8,503.9,1446.5,215.0,515.2,251.6,343.0,334.4,814.9,292.8,803.6,34.7,130.1,387.4,251.1,1953.7,36.2,57.4,131.2,221.1,88.0,114.2,654.5,703.2,532.9,64.1,192.8,186.5,422.3,183.0,592.0,573.1,157.7,1250.8,536.7,195.8,27.0,227.5,579.5,464.3,170.9,311.0,243.4,101.7,410.0,593.0,158.7,204.7,521.7,134.4,352.2,176.2,614.0
Van Dorn Street,8.6,15.5,92.9,14.8,42.6,5.8,15.2,60.6,6.4,11.9,5.2,55.3,1.3,25.5,2.3,2.8,24.9,5.2,31.0,172.1,3.3,12.3,49.2,9.8,18.4,12.0,10.8,350.6,34.5,98.1,223.4,1.7,11.1,113.9,13.6,109.2,9.1,6.9,7.9,2.4,49.7,25.4,174.1,147.2,1.6,9.0,217.4,11.7,142.4,6.3,5.0,11.7,56.2,6.2,14.8,31.9,189.0,144.4,10.2,6.4,95.3,9.6,5.3,144.8,6.8,13.5,21.0,79.4,12.0,7.0,12.6,7.3,10.6,2.2,25.1,97.6,23.0,8.4,18.5,12.5,7.9,20.1,7.7,5.5,4.1,16.8
Van Ness-UDC,11.2,53.7,16.9,2.3,40.5,25.8,206.2,13.4,17.2,47.7,10.7,53.5,5.2,14.5,70.1,18.0,35.5,19.5,28.7,35.3,12.4,17.5,639.4,7.5,30.3,4.2,919.2,12.1,53.3,43.2,96.4,7.1,39.5,26.9,198.5,356.3,29.0,16.3,15.6,57.6,25.1,159.4,24.6,89.3,6.4,20.4,29.1,128.8,549.5,18.0,8.9,17.5,61.6,15.3,27.3,49.2,47.4,57.3,24.5,25.1,34.8,48.5,59.4,62.0,114.5,27.9,74.8,81.7,28.5,17.0,32.6,35.4,159.5,61.8,42.3,401.4,7.6,30.8,26.8,9.9,32.8,28.7,17.6,13.4,49.8,138.2
Vienna,7.2,18.0,77.9,20.5,690.1,6.9,36.7,23.3,16.4,47.3,3.2,236.9,5.3,328.9,12.9,17.0,40.0,7.9,282.3,220.6,3.5,164.5,143.0,96.5,87.7,5.6,35.3,1609.0,272.3,658.2,1054.3,2.9,17.3,24.7,27.7,318.7,13.8,10.6,21.8,8.5,34.8,241.4,85.5,528.2,6.0,15.4,997.6,39.3,966.3,16.7,30.4,23.9,278.7,11.6,84.4,147.4,318.5,114.2,17.9,13.4,92.2,16.5,14.6,665.2,23.5,28.8,64.2,561.2,13.6,16.4,34.1,19.6,39.9,9.3,62.3,595.3,16.2,28.6,119.4,148.5,22.0,271.2,8.0,11.5,13.7,86.6
Virginia Square-GMU,5.4,14.6,11.9,2.5,29.9,4.3,20.8,17.9,13.6,17.0,2.5,67.9,4.8,52.9,6.1,7.7,20.2,4.9,94.2,65.7,2.9,38.6,42.5,28.6,37.9,2.3,6.8,445.3,40.8,100.8,342.7,3.6,13.1,24.5,13.0,46.2,10.5,13.4,15.9,5.5,17.0,51.1,44.4,104.5,12.6,14.5,274.5,5.0,275.5,8.4,8.8,4.1,51.4,4.7,49.7,32.4,53.2,52.9,9.6,5.9,27.9,5.9,6.2,195.9,21.4,3.9,34.5,74.1,15.2,7.5,17.0,12.8,10.5,4.2,18.3,154.7,9.5,11.0,132.8,19.2,8.4,88.8,4.8,7.3,3.7,14.3
Waterfront,13.9,182.3,173.5,3.9,30.6,40.9,34.9,13.2,35.8,49.4,15.4,37.0,11.3,11.9,17.3,27.0,217.4,62.5,18.9,52.0,11.7,9.4,115.7,8.2,35.2,7.3,121.8,112.8,12.0,47.2,129.0,5.7,67.4,19.9,35.2,335.4,79.4,24.9,43.3,10.9,19.3,40.9,30.6,130.4,12.4,17.2,86.7,16.7,83.5,21.3,7.0,59.2,94.7,42.8,35.1,42.4,64.8,79.1,16.3,42.9,25.1,50.2,7.9,57.7,37.2,82.2,70.0,32.9,65.0,30.5,68.8,29.7,60.5,10.7,153.8,193.1,7.8,32.7,19.3,8.9,35.0,21.5,37.8,15.6,9.6,28.7
West Falls Church,26.7,34.0,57.7,7.1,666.8,13.2,34.3,34.4,31.6,43.5,12.3,185.5,12.0,207.0,14.3,20.2,48.6,16.7,248.7,189.8,15.7,153.7,122.1,76.4,69.3,11.7,20.8,1241.4,211.5,440.8,786.5,4.8,29.1,37.9,36.7,215.5,20.8,16.6,23.4,5.5,44.1,182.7,86.6,389.0,26.0,26.6,848.6,27.6,718.2,26.8,21.5,23.1,155.6,20.1,119.1,116.6,183.3,98.2,34.0,17.7,69.0,22.7,13.7,477.4,36.3,31.5,67.1,341.1,38.2,21.5,51.8,19.1,28.5,9.4,32.2,529.1,19.4,29.1,278.3,95.8,25.6,59.7,14.5,15.1,9.7,47.8
West Hyattsville,7.6,37.5,114.8,0.1,23.1,8.5,16.4,5.1,20.1,35.4,5.3,32.1,2.2,8.8,5.1,44.2,374.0,11.7,11.7,27.9,3.6,5.2,94.7,7.5,17.4,4.8,204.9,62.8,20.0,42.6,90.8,10.0,104.6,9.6,20.9,268.6,135.4,20.6,87.2,2.2,10.6,31.3,17.0,160.5,2.8,13.9,50.3,10.6,114.8,11.3,5.4,67.2,54.3,17.4,7.9,56.9,41.6,42.6,9.7,145.4,24.3,31.9,6.9,37.8,10.2,62.3,112.8,34.1,18.7,5.0,23.1,25.0,16.0,5.8,132.6,133.3,6.6,17.0,5.7,4.6,29.5,12.5,25.2,46.5,7.3,9.5
Wheaton,11.3,23.9,15.4,0.8,30.2,9.1,8.3,9.7,10.8,116.8,6.5,27.3,5.3,10.5,9.2,38.5,96.4,11.5,19.3,38.7,4.8,9.6,158.7,5.2,13.8,4.2,446.5,31.9,27.3,39.9,88.5,25.0,106.2,13.1,16.5,261.0,51.1,131.6,43.2,1.8,12.3,159.2,27.4,110.5,6.6,8.6,43.7,3.5,325.2,12.8,9.0,20.3,50.4,10.4,15.4,94.1,33.2,30.6,10.5,44.3,18.5,66.6,3.4,57.8,6.9,22.0,332.4,65.3,21.0,3.2,23.6,108.2,19.6,1.8,53.8,355.9,4.6,11.5,11.7,9.3,16.0,13.6,49.6,41.0,2.5,45.4
White Flint,12.6,16.2,7.3,1.3,21.8,9.5,261.8,6.0,22.0,19.3,11.5,20.9,3.9,6.8,45.4,8.4,10.3,9.7,10.4,27.3,3.4,4.5,286.6,2.1,9.6,3.7,467.8,8.4,30.3,22.2,53.9,1.9,8.3,9.6,173.4,152.1,8.5,1.4,10.3,42.5,12.1,71.0,16.9,64.6,4.1,17.0,16.3,192.6,261.9,8.1,7.5,7.5,33.6,13.1,24.4,30.1,25.6,18.4,11.0,7.9,36.3,20.2,208.3,28.2,458.4,10.8,10.2,49.3,27.8,4.9,31.8,4.8,86.3,75.3,16.0,173.3,4.8,54.7,12.6,3.1,8.0,8.6,5.7,1.1,20.0,90.3
Woodley Park-Zoo,9.8,28.0,37.3,22.7,63.8,11.1,361.2,19.7,30.6,61.4,9.2,131.3,7.9,26.7,59.4,31.4,16.1,13.2,30.7,65.7,11.3,26.0,472.2,25.4,49.6,10.0,692.8,20.9,62.4,83.6,141.8,15.2,48.4,53.0,276.8,448.4,14.1,41.4,32.4,80.8,35.0,157.4,56.8,105.0,6.2,18.8,33.1,167.5,605.4,12.3,13.0,18.4,69.6,11.4,57.2,55.9,50.1,89.0,25.0,24.8,94.1,40.1,77.3,114.3,184.2,15.8,95.2,209.3,20.0,12.2,34.5,46.9,281.1,83.9,28.4,573.9,13.3,141.3,79.3,13.1,26.4,49.2,13.2,39.8,76.0,53.2